funded_amnt,TermInMonths,int_rate,installment,emp_length,home_ownership,annual_inc,loan_status,purpose,dti,open_acc,total_acc
0.061088931,36,0.856318093,0.31440479,2,0,1.309889299,2,2,-0.026324327,1.294313695,1.395107128
-0.965594124,36,-0.278951546,-0.93958064,3,0,-0.196130746,3,2,0.444630915,1.521630916,0.324341193
-0.845592208,36,0.222734,-0.78023041,2,0,-0.771156582,2,2,1.936627331,-0.978858509,-0.649082384
-0.258916177,36,-0.87485034,-0.22489828,5,0,-0.141366381,2,2,0.139594864,-0.296906848,-0.357055311
-0.725590293,36,-0.321347507,-0.680551028,3,0,-0.333041659,2,10,0.234041173,-0.524224068,-0.8437671
-0.662255948,60,0.097901446,-0.943940544,7,0,-0.333041659,2,1,-1.496623617,0.612362034,0.324341193
-0.205581992,36,-0.740596461,-0.155823717,4,0,0.543188185,2,1,0.236593776,-0.296906848,1.29776477
1.501111917,36,-1.402444529,1.518123087,7,0,0.214601993,2,2,-0.938879876,0.157727593,0.421683551
-0.738923839,36,0.338145229,-0.652895557,2,0,0.729387027,2,2,0.116621438,-0.524224068,-0.551740026
-0.312250361,36,-0.321347507,-0.230967951,1,0,-0.333041659,2,1,-0.351781201,0.157727593,-0.8437671
1.101105532,60,1.190775124,0.634387574,6,0,-0.552099121,2,2,-0.287966127,-1.20617573,-0.941109457
-1.165597316,36,-0.137631674,-1.152703023,4,0,-1.140816048,2,2,0.259567202,-0.978858509,-0.551740026
0.301092762,36,-0.137631674,0.460461586,10,0,0.351512907,2,2,-1.365164566,-0.978858509,-1.23313653
1.634447379,36,-0.740596461,1.795190734,2,0,1.583711126,2,10,-0.531739708,-0.524224068,0.324341193
-0.418918731,36,-0.048129088,-0.323851011,4,0,-0.278277294,3,8,0.925796568,1.976265357,2.076503632
-0.765590931,36,0.338145229,-0.683072934,10,0,-0.333041659,2,12,-0.721908626,-0.524224068,-1.23313653
-1.038928627,36,-0.740596461,-1.039473742,3,0,-0.913543932,3,2,-0.129704745,-0.296906848,-1.135794173
-1.485602424,36,0.260419299,-1.499016209,5,0,0.269366359,2,2,-1.413664022,-0.751541289,0.713710624
-0.365584546,36,-2.078424583,-0.438362616,4,0,0.214601993,2,1,-1.797830764,-1.20617573,-1.23313653
0.967770071,60,1.075363895,0.498119191,3,0,1.309889299,2,2,-0.75126356,1.521630916,0.616368266
-0.098913623,36,-0.990261568,-0.068540142,7,0,-0.689502913,2,2,0.182989114,-0.524224068,-0.8437671
1.101105532,60,0.799790144,0.552318786,4,0,-0.294706604,2,2,-0.148849267,-0.524224068,0.811052982
0.434428224,36,-2.078424583,0.342188494,8,0,0.734863464,2,2,0.038767048,-0.069589628,1.103080055
-1.432268239,36,-0.990261568,-1.460845674,2,0,-0.387806025,3,2,0.008135813,-0.296906848,-0.357055311
-0.738923839,36,-0.740596461,-0.721371702,1,0,-0.689010034,2,2,-0.562370943,-0.524224068,1.005737697
-0.165581354,36,-1.939460042,-0.230027579,3,0,-0.045528742,2,2,-0.044192547,0.157727593,1.687134201
-0.138914261,36,-1.729835565,-0.183436445,2,0,-0.469952573,2,2,-2.198589425,-0.751541289,-1.23313653
-0.965594124,36,-1.729835565,-1.007928552,2,0,-0.634245669,2,2,-1.915250499,-1.43349295,0.129656478
-0.418918731,36,-0.048129088,-0.323851011,7,0,0.214601993,3,1,-1.9165268,-0.751541289,-1.330478888
-0.498920008,36,-2.078424583,-0.56847584,6,0,-0.685587261,2,1,-0.167993789,-0.069589628,0.421683551
-1.098929585,36,0.338145229,-1.060290148,6,0,-0.196130746,1,2,-0.259887495,-1.43349295,0.324341193
-0.922260099,36,-1.729835565,-0.964671462,8,0,0.515806003,3,2,1.569052508,1.066996475,0.908395339
-1.565603701,36,-0.573367946,-1.596472895,4,0,-0.333041659,2,2,-0.56875245,1.521630916,0.713710624
-0.098913623,36,-2.078424583,-0.178178913,6,0,0.625334733,3,1,-1.383032787,-0.524224068,-0.065028238
0.434428224,36,-2.078424583,0.342188494,10,0,2.542087519,2,1,-1.423874434,-0.524224068,0.519025909
-0.392251638,36,-0.137631674,-0.302136978,10,0,0.351512907,3,2,-1.467268684,-1.43349295,-0.8437671
-0.098913623,36,-0.048129088,0.030027892,1,0,-0.789666937,2,2,-0.293071333,-0.978858509,-1.23313653
-0.365584546,36,-0.137631674,-0.272814484,5,0,0.762245646,2,1,0.833902863,1.748948136,1.784476559
-1.485602424,36,-1.637977649,-1.525303868,4,0,-1.131725163,3,2,0.757324775,-1.660810171,-1.622505961
0.834434609,36,-0.137631674,1.047039697,10,0,0.214601993,3,2,-0.088863098,-0.751541289,1.005737697
-1.32559987,36,-1.637977649,-1.364799546,10,0,-0.223512929,3,2,-0.462819428,-1.43349295,-1.038451815
0.701099147,60,0.891648061,0.24135502,2,0,0.214601993,3,2,-1.616595955,0.157727593,0.03231412
-0.815591729,36,-0.740596461,-0.802671094,1,0,-1.017596226,1,2,0.576089966,-0.296906848,0.03231412
-0.588921444,36,-0.048129088,-0.511839828,5,0,-1.154507139,1,1,-0.291795032,-1.43349295,-1.330478888
0.434428224,60,-0.203580947,-0.148343489,5,0,1.309889299,3,5,-0.684895884,0.839679254,0.713710624
-0.765590931,36,-0.740596461,-0.749625591,10,0,1.309889299,2,1,-0.34284709,-0.524224068,0.03231412
-1.365600509,60,-0.137631674,-1.489142308,1,0,-0.762394283,3,2,-0.069718576,-0.524224068,-0.259712953
0.967770071,36,-0.137631674,1.193694911,5,0,0.07769108,3,4,-0.641501634,-0.069589628,-0.357055311
1.634447379,36,-0.321347507,1.886535005,10,0,0.499294546,3,2,-0.136086253,-0.751541289,0.129656478
-0.098913623,36,-0.740596461,-0.042722669,5,0,-0.743774399,2,2,-0.054402959,-1.20617573,-0.941109457
-1.032261854,36,-0.048129088,-1.002072602,1,0,2.405176605,1,2,-1.990552285,-0.296906848,-0.357055311
-0.365584546,60,-0.573367946,-0.779375527,4,0,-0.223512929,3,5,0.757324775,-1.20617573,-1.330478888
-0.098913623,36,-0.321347507,0.001090095,2,0,0.543188185,3,2,0.295303643,1.294313695,1.103080055
2.301124687,60,1.421597581,1.721884499,2,0,0.132345917,2,2,0.121726644,-0.296906848,1.005737697
-1.032261854,36,0.451201127,-0.97976015,1,0,-1.094266337,2,1,-1.301349493,-1.660810171,-1.330478888
-0.765590931,36,-1.637977649,-0.803055792,10,0,0.625334733,3,2,0.938559583,-0.751541289,-0.357055311
-0.365584546,36,-1.637977649,-0.401816359,4,0,-0.606863486,2,2,0.255738298,1.521630916,0.421683551
0.967770071,36,-0.740596461,1.088287812,2,0,-0.469952573,4,2,-0.166717488,-0.296906848,-0.941109457
2.034453764,60,-0.048129088,1.086022371,9,0,0.378895089,2,10,0.42293379,0.157727593,-0.259712953
-1.298932778,36,-1.637977649,-1.338041702,6,0,-1.044978408,3,2,1.298476597,-0.296906848,-0.551740026
0.141090208,60,0.451201127,-0.280593921,10,0,-0.552099121,6,1,0.41399968,-0.978858509,-1.135794173
0.167757301,36,-1.164556077,0.189078912,7,0,2.76114498,2,1,-1.245192228,-0.751541289,1.395107128
-0.232249084,36,-1.164556077,-0.224128885,3,0,-0.606863486,3,1,-0.466648333,1.294313695,0.324341193
0.061088931,36,-1.402444529,0.052297599,9,0,-0.333041659,2,2,0.212344048,-0.524224068,-0.8437671
0.701099147,60,0.641982954,0.196901093,5,0,0.269366359,6,2,0.063016776,0.385044813,1.589791843
-0.365584546,36,-1.729835565,-0.409510308,10,0,-0.196130746,3,2,1.098097267,-0.296906848,-0.065028238
-0.845592208,36,-1.729835565,-0.888244903,4,0,-0.223512929,1,2,-0.993760839,-0.978858509,-0.357055311
0.434428224,36,-0.048129088,0.619769071,4,0,0.07769108,2,1,0.512274893,1.521630916,2.076503632
0.434428224,60,-0.740596461,-0.22797586,9,0,-0.634656401,2,1,0.932178076,0.839679254,0.226998835
0.184424233,36,-0.321347507,0.309275491,10,0,-0.524716938,2,2,0.916862458,1.748948136,0.421683551
0.701099147,36,-0.137631674,0.900427227,10,0,0.042094243,3,2,-0.000798297,-0.524224068,-1.038451815
-0.062246371,36,-0.990261568,-0.030241374,3,0,-0.606863486,2,2,0.642457643,-0.751541289,-0.162370596
2.967801996,36,-0.509774003,3.279139746,3,0,3.500463911,3,2,-2.181997505,-1.660810171,-0.941109457
-0.365584546,36,-1.637977649,-0.401816359,9,0,-0.606863486,2,1,0.428038996,-1.43349295,-0.649082384
-1.165597316,36,-0.410850093,-1.162320459,10,0,-0.360423842,2,4,-1.070338927,-0.751541289,-1.038451815
-0.632255469,36,-0.740596461,-0.608270653,8,0,-0.196130746,3,1,0.438249408,0.612362034,2.076503632
-1.032261854,36,-1.703926922,-1.073327117,3,0,0.707481281,2,2,0.362947621,-0.296906848,-0.259712953
1.501111917,60,0.983505978,0.923509074,10,0,0.762245646,2,2,-1.735291992,-0.978858509,-0.649082384
0.034421839,36,-0.137631674,0.167151158,4,0,0.296748541,2,2,-1.143088111,0.612362034,0.03231412
-0.758924158,36,-1.402444529,-0.782410362,1,0,-1.154507139,2,1,-0.460266826,-1.43349295,-1.135794173
-0.365584546,36,-1.729835565,-0.409510308,1,0,-0.743774399,2,1,-1.160956331,-0.751541289,-0.746424742
2.967801996,36,0.641982954,3.637805995,10,0,9.716219373,3,10,-2.106695719,0.157727593,-0.941109457
0.301092762,36,-1.637977649,0.266916028,1,0,0.860821504,2,12,-1.579583213,-0.978858509,-1.427821246
-0.898926393,36,0.260419299,-0.838148747,9,0,2.405176605,2,5,-0.056955562,1.748948136,0.616368266
-0.632255469,60,-0.321347507,-0.952660353,2,0,0.214601993,3,10,-0.584068068,-0.978858509,0.03231412
2.301124687,36,0.338145229,2.787368182,10,0,1.172978386,2,2,-0.226703657,-0.524224068,-1.038451815
-1.165597316,36,0.451201127,-1.131672896,5,0,-0.771156582,2,2,0.157463085,-0.978858509,-0.649082384
-0.312250361,36,-0.509774003,-0.248108359,2,0,0.241984176,2,1,-0.906972339,-0.524224068,-0.8437671
-0.365584546,36,-0.990261568,-0.346975602,5,0,-0.771156582,2,2,-0.595554781,-1.20617573,-1.23313653
0.167757301,36,-1.164556077,0.189078912,2,0,-1.007848169,1,10,-0.085034194,-1.43349295,-1.719848319
-0.498920008,60,-0.740596461,-0.889185275,6,0,0.214601993,2,5,-0.972063714,-1.20617573,-0.649082384
-0.898926393,36,-1.402444529,-0.924962137,3,0,-0.867021603,2,1,0.211067746,-0.296906848,-1.135794173
-1.032261854,36,-0.321347507,-1.014126455,1,0,0.48842382,1,2,-0.965682207,-1.43349295,-0.746424742
-0.672256108,36,0.641982954,-0.556336499,2,0,-0.497334755,2,10,0.23148857,-0.978858509,-1.427821246
-1.032261854,36,-1.402444529,-1.060674846,3,0,-0.196130746,2,11,-0.882722611,-1.43349295,-0.649082384
0.167757301,36,-0.573367946,0.260333427,3,0,-0.825920947,3,2,-0.756368766,-0.524224068,-1.23313653
-0.098913623,36,-1.402444529,-0.110600395,4,0,-0.771156582,2,2,0.107687328,-0.296906848,0.129656478
-0.205581992,36,-1.637977649,-0.241312038,5,0,-0.743774399,2,8,-0.406662164,-0.751541289,-1.038451815
-1.298932778,36,-0.990261568,-1.321627944,9,0,-0.880685312,2,0,0.394855158,-0.296906848,0.226998835
-0.498920008,36,0.097901446,-0.400662267,7,0,-0.606863486,1,10,-1.573201705,-0.751541289,-1.135794173
-0.898926393,36,-1.164556077,-0.91286554,2,0,-0.743774399,2,0,0.426762695,-0.751541289,-1.330478888
0.701099147,36,-1.637977649,0.66815546,1,0,-0.552099121,3,2,-0.448780112,-0.524224068,-0.746424742
-0.365584546,36,-0.644027882,-0.317140178,5,0,-0.333041659,2,1,0.798166422,-0.296906848,-0.8437671
-0.632255469,36,-0.137631674,-0.566082167,2,0,-0.141366381,1,2,-0.613423002,-1.43349295,0.03231412
-0.632255469,36,0.260419299,-0.537785533,3,0,-0.552099121,1,1,-1.31666511,-0.069589628,0.908395339
0.967770071,36,-1.402444529,0.975229508,5,0,1.583711126,1,2,-0.878893707,-0.524224068,0.421683551
-1.218931501,36,-1.637977649,-1.257810913,6,0,0.351512907,3,2,-1.014181663,1.521630916,0.324341193
0.501095955,36,1.209617773,0.881406076,10,0,-0.77890574,3,2,-0.355610105,1.748948136,0.421683551
0.114423116,36,-2.078424583,0.029985148,1,0,-0.196130746,3,1,1.150425627,-0.524224068,-0.162370596
1.634447379,60,-0.410850093,0.698119117,6,0,0.680099099,2,2,1.394199207,0.839679254,-0.065028238
-0.898926393,36,-1.199886045,-0.914660794,2,0,-0.880685312,2,2,-1.121390986,-1.20617573,-1.23313653
1.634447379,60,0.87045008,1.006304512,6,0,3.774285738,2,10,-1.026944677,-0.978858509,-0.551740026
0.701099147,36,-0.048129088,0.914661033,10,0,0.269366359,2,2,0.907928348,-0.296906848,1.29776477
0.967770071,36,-1.199886045,1.009553068,10,0,0.378895089,2,2,-0.207559135,0.157727593,2.465873063
1.634447379,36,-0.410850093,1.866915435,10,0,0.430647415,3,2,-0.552160531,0.839679254,-0.162370596
-0.898926393,36,-0.048129088,-0.854647993,3,0,-0.85330313,3,1,-1.284757574,-0.978858509,-1.330478888
0.434428224,36,-0.969063588,0.491322869,1,0,0.07769108,1,2,0.841560672,1.294313695,0.908395339
-1.165597316,36,-0.644027882,-1.170441849,5,0,-0.716392217,2,2,-0.284137223,1.066996475,1.200422413
-0.098913623,36,-1.939460042,-0.164415293,4,0,-0.743774399,2,0,1.168293847,0.157727593,2.855242494
0.034421839,36,-1.637977649,-0.000576927,4,0,-0.469952573,1,10,-1.92546091,-0.978858509,-0.8437671
-0.418918731,36,-1.637977649,-0.455332048,1,0,-0.333041659,2,2,-0.000798297,0.839679254,-0.454397669
-1.432268239,36,1.028257271,-1.424983324,1,0,0.335083597,2,2,-0.555989436,-1.43349295,-1.525163604
0.301092762,36,-0.644027882,0.393951672,4,0,-0.018146559,3,2,-1.393243198,-0.978858509,-0.162370596
-0.898926393,36,0.338145229,-0.83395982,3,0,-0.333041659,1,1,-0.654264649,-0.524224068,0.421683551
-0.685589654,36,-0.203580947,-0.629172548,3,0,-0.113984198,2,12,-0.886551516,2.430899798,0.421683551
-0.365584546,36,-1.199886045,-0.364885405,3,0,-0.804015201,2,1,-1.288586478,-0.751541289,-0.357055311
-0.578921285,36,0.568967687,-0.454348932,8,0,-0.387806025,1,2,-0.136086253,-0.069589628,0.519025909
1.634447379,36,1.209617773,2.231480378,5,0,2.487323153,2,2,-0.489621759,-0.296906848,-1.135794173
0.967770071,60,-0.644027882,0.167535855,6,0,-0.552099121,6,2,-0.032705834,0.157727593,-0.065028238
0.167757301,36,-0.203580947,0.305642237,10,0,-0.524716938,2,2,-0.6989352,-1.20617573,-1.330478888
-0.632255469,36,-1.703926922,-0.673711963,2,0,-0.40292099,3,2,0.573537363,-0.978858509,-1.038451815
-0.098913623,36,-0.278951546,0.005578232,5,0,-0.086602016,3,2,-0.877617405,-1.660810171,-0.357055311
0.301092762,36,-0.410850093,0.424428259,2,0,0.48842382,2,2,0.726693539,1.521630916,0.324341193
0.114423116,36,-2.078424583,0.029985148,6,0,-0.957355424,2,2,-1.134154,-0.978858509,0.713710624
-0.898926393,36,-1.402444529,-0.924962137,2,0,-0.765680145,3,2,-0.850815075,-0.978858509,-1.427821246
2.967801996,60,1.996298394,2.506539049,8,0,0.828976026,1,2,-0.615975605,0.839679254,1.005737697
0.221091485,36,1.028257271,0.523765687,1,0,-0.743774399,2,2,-1.481308,-1.660810171,-1.135794173
-0.098913623,60,-0.410850093,-0.569330723,6,0,-0.387806025,2,2,-0.618528208,0.612362034,-0.357055311
-0.165581354,36,-1.703926922,-0.207544151,5,0,-0.732821526,1,2,-0.788276303,0.385044813,0.03231412
1.634447379,60,1.560562122,1.180572454,9,0,-0.360423842,2,2,0.88367862,-0.296906848,0.226998835
0.561096913,60,1.445150893,0.220324893,1,0,-0.771156582,1,2,0.42293379,-1.20617573,-1.23313653
-0.365584546,60,-0.203580947,-0.744923734,6,0,-0.634245669,0,2,-0.345399693,-0.296906848,-0.551740026
-1.098929585,36,-0.969063588,-1.111925094,10,0,-1.017596226,3,8,0.57098476,-0.069589628,0.226998835
-1.205597955,36,-1.939460042,-1.253707473,5,0,-0.661627851,3,1,1.163188641,0.612362034,1.005737697
-1.505602743,36,-1.637977649,-1.545350879,3,0,-1.017596226,2,2,1.001098355,-0.069589628,0.03231412
1.501111917,36,1.209617773,2.072643078,2,0,0.817010012,3,2,-0.687448487,0.385044813,0.03231412
-0.738923839,36,-1.703926922,-0.780273154,4,0,-0.333069042,2,2,-0.282860922,-0.524224068,-0.649082384
-0.898926393,36,-1.637977649,-0.936802269,2,0,0.886944106,2,2,-0.80359192,1.066996475,0.324341193
0.034421839,36,-0.644027882,0.10953203,7,0,-0.96283186,1,2,-0.383688737,-1.20617573,-1.330478888
-0.832258662,36,-1.637977649,-0.869950403,2,0,0.474732729,3,5,-2.104143116,-1.20617573,-1.427821246
1.634447379,60,1.329739665,1.121671001,10,0,-0.086602016,6,1,0.00558321,1.294313695,0.616368266
0.434428224,36,-1.199886045,0.459777679,10,0,-0.794321908,2,2,0.000478004,-0.978858509,-1.23313653
-0.6989232,36,-0.969063588,-0.69371623,2,0,-0.168748564,2,2,-1.131601398,-1.20617573,-0.941109457
0.301092762,60,0.87045008,-0.091921197,3,0,-0.059219833,2,2,0.832626561,0.157727593,1.687134201
1.634447379,60,-0.048129088,0.783308228,10,0,-0.305659477,2,2,0.453565025,-1.20617573,0.226998835
2.967801996,36,-1.402444529,3.011133861,5,0,1.446800213,2,2,-0.432188193,1.066996475,0.811052982
0.967770071,36,-0.410850093,1.145650475,1,0,0.351512907,5,1,-0.42963559,0.157727593,0.129656478
1.134439398,60,0.799790144,0.57958956,8,0,-0.525757461,2,2,0.902823142,-0.524224068,-0.649082384
-1.165597316,36,-0.644027882,-1.170441849,2,0,0.652716916,2,12,-0.825289045,-0.751541289,-1.135794173
-0.738923839,36,0.568967687,-0.637935101,10,0,0.214601993,3,8,0.18809432,1.976265357,0.908395339
-0.832258662,36,-1.637977649,-0.869950403,2,0,-0.44257039,2,5,-1.589793624,-1.43349295,-1.427821246
0.434428224,36,-0.969063588,0.491322869,10,0,-0.333041659,1,2,-0.501108472,-1.20617573,-1.038451815
-0.432252277,36,-1.939460042,-0.492519467,2,0,0.269366359,2,1,0.345079401,1.294313695,-0.162370596
-1.298932778,36,-1.637977649,-1.338041702,3,0,-0.552099121,2,2,0.897717936,-0.296906848,-0.746424742
-0.405585185,60,0.87045008,-0.674011172,10,0,1.118214021,2,2,-0.258611194,1.066996475,1.881818917
1.411110481,36,-0.278951546,1.652254262,2,0,-0.399772039,2,2,-1.416216625,-1.43349295,0.129656478
-1.165597316,36,0.338145229,-1.135733591,5,0,0.48842382,3,10,-1.931842418,-1.20617573,-1.427821246
0.301092762,60,-1.637977649,-0.442337823,5,0,-0.278277294,2,2,0.911757252,1.294313695,0.616368266
-1.032261854,36,-1.402444529,-1.060674846,8,0,-0.469952573,2,2,-0.234361466,0.612362034,-0.259712953
-0.898926393,36,1.447506225,-0.773049391,10,0,0.07769108,2,2,-1.329428125,-1.660810171,-0.649082384
-0.618921923,60,-0.969063588,-0.991001864,1,0,-0.606863486,2,0,-1.662542808,-0.978858509,-0.649082384
0.167757301,36,-0.410850093,0.280166718,10,0,1.036067473,2,2,0.438249408,0.157727593,-0.551740026
-0.098913623,36,-0.048129088,0.030027892,3,0,0.214601993,3,1,-0.557265737,1.976265357,1.29776477
-0.258916177,36,-1.939460042,-0.321927524,2,0,-0.606863486,2,7,0.148528975,-0.524224068,-0.551740026
-0.632255469,36,-1.637977649,-0.669309314,2,0,-0.743774399,2,2,-1.252850037,-0.296906848,-0.551740026
-1.145596997,36,-0.203580947,-1.133126197,4,0,0.105073263,2,0,-0.157783378,0.385044813,-0.259712953
-0.632255469,36,-0.410850093,-0.585317039,7,0,-0.606863486,3,2,0.217449254,1.294313695,-0.259712953
-0.898926393,36,-1.703926922,-0.940136314,10,0,-0.579481303,2,5,-0.589173274,-0.524224068,-0.454397669
-0.018912346,36,-0.203580947,0.101154174,2,0,0.351512907,2,2,-1.228600309,-1.20617573,0.324341193
-1.005594762,36,-0.410850093,-0.98920661,1,0,-1.017596226,2,2,-0.452609017,-0.751541289,-1.330478888
-0.365584546,36,-2.078424583,-0.438362616,9,0,-0.059219833,1,2,-1.769752131,-0.751541289,0.908395339
-0.97892767,36,-0.048129088,-0.943128405,7,0,-0.387806025,2,1,0.900270539,0.839679254,-0.065028238
2.301124687,60,1.789029249,1.835242012,4,0,0.762245646,6,4,0.149805276,0.157727593,1.200422413
-0.312250361,36,-0.644027882,-0.260247701,3,0,0.159837628,3,1,0.236593776,-0.069589628,-0.649082384
-0.365584546,36,-0.969063588,-0.345180347,10,0,-0.333041659,3,2,-1.756989117,-1.20617573,-0.162370596
-1.058928947,36,-0.87485034,-1.066231587,1,0,-0.579481303,2,1,-0.614699303,2.430899798,0.908395339
-0.51558694,36,0.107322771,-0.418486582,1,0,-1.209271504,2,2,-0.973340016,0.385044813,-0.357055311
-0.898926393,36,-0.644027882,-0.886022207,6,0,-0.798538765,2,2,0.456117628,0.385044813,0.908395339
2.301124687,60,1.445150893,1.729108262,10,0,0.221776125,2,2,0.374434334,1.294313695,0.713710624
-1.522269676,36,-0.123499686,-1.544837949,3,0,-0.716392217,2,0,-1.564267595,-0.978858509,-1.427821246
2.301124687,60,1.675973351,1.800149057,9,0,2.131354779,4,8,-1.053747008,0.157727593,1.687134201
0.167757301,36,-0.410850093,0.280166718,2,0,0.806604782,3,2,-1.197969074,-0.296906848,0.226998835
2.301124687,60,1.675973351,1.800149057,1,0,0.043463352,2,2,0.311895562,-1.43349295,0.226998835
-0.952260577,36,-1.199886045,-0.969629784,3,0,-1.099742774,2,1,-0.437293399,-1.20617573,-1.622505961
-0.632255469,36,-2.078424583,-0.69854632,1,0,-0.374114933,2,5,0.793061216,0.612362034,0.03231412
0.167757301,36,-2.078424583,0.082004791,10,0,0.762245646,2,2,-0.326255171,0.385044813,0.03231412
-0.112247169,36,-1.703926922,-0.154242183,1,0,-1.017596226,2,0,-1.445571559,-0.296906848,-0.649082384
0.967770071,60,0.225089331,0.330989524,7,0,-0.497334755,2,2,-0.082481591,-0.978858509,-0.454397669
0.301092762,36,0.225089331,0.508805231,6,0,-0.552099121,2,1,0.193199526,-0.524224068,-1.135794173
-1.138930224,36,-1.939460042,-1.188095187,2,0,0.625334733,0,8,-0.741053148,0.157727593,1.492449486
-0.498920008,36,-1.939460042,-0.558131753,6,0,-0.606863486,2,8,-0.138638856,-0.069589628,0.713710624
0.967770071,36,1.560562122,1.502564213,2,0,0.597952551,2,2,-0.023771724,3.79480312,2.368530705
1.834450571,60,0.799790144,1.15248954,3,0,-0.250895112,3,2,-1.730186786,-1.660810171,-1.427821246
0.487762409,36,0.225089331,0.718636314,4,0,0.351512907,2,2,-0.156507076,-0.069589628,-0.8437671
2.301124687,36,1.329739665,3.059007321,7,0,1.583711126,2,1,-0.405385862,-0.296906848,-0.649082384
-1.032261854,36,-0.644027882,-1.028232028,2,0,-0.921758586,2,2,0.203409938,0.612362034,-0.259712953
2.614463022,36,-0.644027882,2.861401068,10,0,0.07769108,2,2,1.403133317,0.612362034,1.005737697
-0.765590931,36,-0.278951546,-0.72145719,4,0,1.41941803,3,12,-1.554057183,0.385044813,-0.454397669
-0.365584546,36,-1.939460042,-0.426907181,2,0,-0.552099121,3,2,0.310619261,0.839679254,0.03231412
-0.125580715,36,-0.644027882,-0.061145402,10,0,-0.250895112,2,8,-0.632567524,0.157727593,0.226998835
-1.432268239,36,0.225089331,-1.439559082,1,0,-0.990214043,3,12,-1.903763785,-1.660810171,-1.817190677
-0.898926393,36,-0.644027882,-0.886022207,1,0,-1.017596226,2,1,0.870915605,-0.978858509,-0.551740026
-0.258916177,60,1.445150893,-0.490681469,5,0,-0.716392217,2,10,-1.709765962,-1.43349295,-1.622505961
-0.365584546,36,0.225089331,-0.240542643,5,0,-0.059219833,3,2,-1.039707692,-0.751541289,0.03231412
-1.298932778,36,-0.644027882,-1.31265167,1,0,-0.119460635,2,7,-0.475582443,0.157727593,-0.357055311
2.967801996,60,1.866755178,2.459221264,10,0,1.003208854,2,2,-0.347952296,-1.20617573,-1.038451815
-1.298932778,36,0.107322771,-1.29281838,3,0,-0.059219833,2,8,0.138318563,-0.296906848,-0.259712953
-1.138930224,60,-0.278951546,-1.32466278,6,0,-1.04224019,2,8,-0.406662164,-0.978858509,-1.135794173
-1.298932778,36,-0.203580947,-1.301110747,3,0,-0.880685312,2,2,0.588852981,-0.069589628,-0.551740026
-1.49893597,36,-1.402444529,-1.535733443,8,0,-0.716392217,2,2,0.137042261,-0.524224068,0.226998835
-0.885592847,36,-1.637977649,-0.923423347,3,0,0.12410388,2,2,-1.564267595,-0.524224068,-0.649082384
-0.365584546,36,-0.969063588,-0.345180347,10,0,-0.168748564,2,2,0.221278158,0.612362034,0.811052982
-1.285599232,36,-0.203580947,-1.286492244,4,0,-0.661189736,2,0,0.100029519,-0.751541289,-1.330478888
-1.432268239,36,-1.402444529,-1.467855716,2,0,-0.606863486,2,2,-0.900590832,-1.43349295,-1.23313653
-0.952260577,36,-0.410850093,-0.931501993,10,0,-0.168748564,2,2,-1.214560993,0.612362034,-0.454397669
1.634447379,36,-1.637977649,1.604380803,3,0,1.857532952,2,2,-1.353677853,1.748948136,1.589791843
-0.165581354,36,-1.637977649,-0.201218015,3,0,-0.757465491,2,2,0.653944356,0.612362034,0.03231412
0.221091485,36,-1.939460042,0.150566424,4,0,-0.497334755,2,8,-1.783791448,-1.20617573,-1.330478888
2.381125964,60,1.789029249,1.906710248,2,0,0.269366359,2,1,-0.242019275,0.612362034,0.03231412
0.301092762,36,-0.048129088,0.472344462,2,0,-0.771156582,2,2,0.782850804,-0.978858509,-1.135794173
-1.032261854,36,-0.969063588,-1.042252113,10,0,0.696528408,2,8,-0.127152142,0.157727593,-0.162370596
-0.832258662,36,-1.637977649,-0.869950403,5,0,-0.733560845,3,1,-0.300729142,-1.20617573,0.226998835
-1.165597316,36,-1.199886045,-1.189548489,4,0,-0.113984198,1,12,0.246804188,0.839679254,0.616368266
0.967770071,36,-0.410850093,1.145650475,5,0,-0.333041659,2,2,0.060464173,-0.296906848,0.908395339
-0.658922562,36,-1.637977649,-0.696067159,1,0,0.214601993,2,2,-1.108627971,-1.43349295,-1.038451815
0.301092762,36,-0.410850093,0.424428259,6,0,-0.552099121,2,2,0.623313121,0.157727593,-0.162370596
-0.365584546,36,0.338145229,-0.230412277,2,0,-0.606863486,2,5,0.232764871,-1.20617573,-1.525163604
-1.032261854,36,0.107322771,-0.995190792,4,0,1.857532952,2,2,-0.425806686,0.157727593,0.616368266
-0.07224653,36,-0.278951546,0.034644261,3,0,-0.196130746,2,4,-0.567476149,0.385044813,0.03231412
0.167757301,36,1.209617773,0.484312827,3,0,-0.03183765,2,5,0.585024077,3.112851459,0.908395339
-0.365584546,36,-0.278951546,-0.285253034,4,0,-0.179838348,2,1,0.029832938,1.066996475,0.03231412
-1.218931501,36,0.338145229,-1.196088345,4,0,-1.072360591,2,2,-1.363888265,-1.20617573,-1.525163604
0.301092762,36,0.225089331,0.508805231,4,0,-0.196130746,2,2,0.622036819,0.612362034,-0.746424742
2.967801996,60,-0.644027882,1.597627225,10,0,0.406277272,2,2,-0.784447398,0.157727593,0.908395339
-0.152247807,36,-1.939460042,-0.216905122,4,0,-0.880685312,2,11,0.879849716,0.157727593,0.811052982
-0.365584546,36,-1.402444529,-0.382025813,7,0,-0.333041659,2,2,-0.240742973,-0.524224068,-0.551740026
-0.098913623,36,-1.199886045,-0.08999771,2,0,2.131354779,2,2,0.160015688,-0.296906848,0.129656478
0.701099147,36,-0.410850093,0.857170137,6,0,-0.004455468,2,2,-1.039707692,-0.751541289,-1.23313653
0.167757301,36,-0.410850093,0.280166718,10,0,-0.927536227,2,1,-0.287966127,-0.751541289,-1.038451815
-1.032261854,60,0.338145229,-1.216263589,9,0,-0.360423842,2,2,-0.526634502,-0.524224068,-0.941109457
-0.632255469,36,-1.402444529,-0.653493975,6,0,-0.059219833,2,2,-1.453229367,-1.43349295,-1.135794173
1.634447379,36,-0.278951546,1.895810487,10,0,0.48842382,2,2,-0.936327273,-0.296906848,0.616368266
0.301092762,36,-1.199886045,0.32231246,4,0,0.214601993,2,1,-0.45516162,-1.43349295,-1.23313653
-0.898926393,36,-1.199886045,-0.914660794,2,0,-0.059219833,2,1,0.376986937,1.748948136,0.129656478
0.221091485,36,-0.278951546,0.354541557,4,0,1.172978386,2,2,-0.160335981,0.385044813,1.103080055
-0.405585185,36,-1.703926922,-0.447296146,5,0,1.46733685,2,2,-1.500452522,-0.524224068,-0.649082384
1.101105532,36,-0.644027882,1.247253344,7,0,0.981303108,3,2,-0.432188193,-0.751541289,-0.8437671
-0.765590931,36,-1.637977649,-0.803055792,6,0,-0.03183765,2,1,-0.802315619,-0.751541289,-0.8437671
-0.832258662,36,-0.644027882,-0.814895924,1,0,-0.168748564,3,1,-0.317321061,2.203582577,0.226998835
-0.898926393,36,-1.703926922,-0.940136314,1,0,-0.196130746,6,10,1.22317481,1.748948136,0.908395339
0.134423435,36,-0.644027882,0.21617871,2,0,-0.91628215,1,6,0.798166422,0.157727593,0.421683551
-0.098913623,36,-1.939460042,-0.164415293,5,0,-0.675318943,2,2,1.018966576,-0.978858509,-1.135794173
-0.685589654,60,1.996298394,-0.817332341,10,0,1.036067473,6,2,-0.626186016,-0.069589628,-0.357055311
0.141090208,36,-1.703926922,0.098803246,5,0,1.857532952,3,8,-2.166681888,-1.43349295,-1.135794173
-0.555587579,36,-1.939460042,-0.613912883,5,0,-1.209271504,3,2,0.941112186,-0.751541289,-0.8437671
-1.272265685,36,1.209617773,-1.231053069,10,0,-0.825920947,2,2,0.018346225,-1.660810171,1.103080055
-0.268916336,36,-2.078424583,-0.344026255,7,0,-0.798538765,2,4,-1.790172955,-0.524224068,-0.649082384
-0.365584546,36,-0.969063588,-0.345180347,1,0,0.022926715,3,2,-1.488965808,0.839679254,-0.357055311
-1.032261854,36,-0.969063588,-1.042252113,10,0,-0.716392217,3,7,-1.339638537,1.294313695,1.687134201
0.967770071,36,-1.402444529,0.975229508,1,0,1.583711126,2,1,-0.824012744,-0.296906848,0.324341193
-0.205581992,36,-1.199886045,-0.19993569,5,0,1.21405166,2,5,-0.530463406,-1.20617573,-1.525163604
-0.205581992,60,1.028257271,-0.49162184,6,0,-0.538408029,2,10,-0.299452841,-0.296906848,-0.649082384
0.967770071,36,-1.637977649,0.935648415,10,0,1.255124934,2,2,-1.497899919,-0.978858509,-0.454397669
-1.032261854,36,-0.278951546,-1.012288456,1,0,-0.606863486,2,1,-1.187758662,-1.20617573,-1.622505961
-0.5255871,36,0.107322771,-0.429642808,5,0,-0.44257039,3,2,0.638628738,0.612362034,0.226998835
1.634447379,60,0.738551533,0.973647974,10,0,-0.004455468,2,1,-0.161612282,-0.524224068,0.129656478
-0.898926393,36,-1.637977649,-0.936802269,2,0,-0.617816359,2,1,-0.539397517,0.612362034,1.492449486
-0.632255469,36,-1.637977649,-0.669309314,3,0,-0.469952573,2,10,-1.847606521,-1.20617573,-0.551740026
-1.378934055,36,-1.939460042,-1.424342161,4,0,0.406277272,3,2,-1.181377155,-0.751541289,-0.454397669
0.811100903,36,-0.048129088,1.036310913,5,0,-0.64793676,2,2,0.860705194,-0.524224068,-0.357055311
-0.338917454,36,0.107322771,-0.221307771,8,0,-0.675318943,2,1,0.844113274,0.612362034,0.713710624
-1.49893597,36,-0.048129088,-1.518122849,8,0,-0.552099121,2,2,0.317000768,-0.296906848,-0.746424742
-0.672256108,60,0.738551533,-0.903718289,6,0,-0.606863486,3,2,-0.069718576,0.385044813,0.616368266
1.367776456,36,-0.278951546,1.605021965,10,0,-0.113984198,3,2,-0.693829994,0.157727593,0.616368266
-1.418934693,36,-1.637977649,-1.458452001,8,0,0.307701414,3,1,0.514827496,0.385044813,1.589791843
0.167757301,36,-0.410850093,0.280166718,10,0,0.537711749,3,2,-0.132257348,-0.296906848,-0.551740026
-1.032261854,36,0.338145229,-0.984846705,4,0,0.07769108,1,2,-0.644054237,-0.751541289,0.03231412
0.434428224,60,-0.048129088,-0.124834201,8,0,-0.360423842,2,2,0.763706282,0.612362034,0.324341193
1.634447379,36,-0.969063588,1.74603495,6,0,-0.168748564,1,2,-0.746158354,1.294313695,0.226998835
0.301092762,36,-1.703926922,0.258666405,2,0,-0.743774399,2,2,-0.351781201,-0.978858509,-0.746424742
-0.098913623,36,0.338145229,0.071361495,3,0,0.515806003,2,2,-0.561094641,-0.524224068,-0.649082384
-0.098913623,36,-0.644027882,-0.032720535,5,0,-0.278277294,3,1,0.726693539,0.385044813,1.005737697
-0.258916177,60,0.87045008,-0.553173431,2,0,-0.743774399,2,9,-0.715527119,-0.524224068,-1.038451815
-1.032261854,36,-0.410850093,-1.018058918,8,0,-0.716392217,2,2,-0.688724788,-0.069589628,-0.357055311
0.301092762,36,-1.637977649,0.266916028,3,0,0.378895089,2,8,-1.003971251,0.839679254,-0.259712953
-0.605588377,36,-1.703926922,-0.647082351,2,0,-0.333041659,2,2,-1.357506757,-0.524224068,-0.649082384
-1.058928947,36,-0.203580947,-1.038191417,10,0,-0.880685312,2,8,-0.764026575,-1.43349295,-1.525163604
-0.578921285,36,-1.939460042,-0.636866497,1,0,-0.511025847,2,2,0.332316386,-0.069589628,0.129656478
-0.832258662,36,-1.402444529,-0.85708441,4,0,0.625334733,2,2,-0.231808863,-0.296906848,0.519025909
-0.365584546,36,-0.410850093,-0.296836702,2,0,-0.059219833,3,2,-0.250953385,-0.751541289,0.129656478
-1.018928308,36,-1.402444529,-1.047082203,1,0,-0.716392217,2,12,-0.402833259,-0.978858509,-1.525163604
1.234440994,60,0.338145229,0.56202171,10,0,-0.333041659,2,8,-1.016734265,-0.069589628,-0.357055311
0.701099147,60,1.560562122,0.3630049,10,0,-0.03183765,3,2,-0.840604663,-0.296906848,0.616368266
-0.258916177,36,-0.048129088,-0.146932932,6,0,-0.606863486,2,2,0.255738298,2.658217018,3.049927209
-1.032261854,60,1.028257271,-1.182324726,7,0,0.07769108,3,2,-1.051194405,-0.978858509,0.129656478
-0.632255469,36,-0.278951546,-0.576041557,1,0,-0.784847673,1,8,0.800719025,-1.20617573,-1.525163604
-1.165597316,36,-1.402444529,-1.196387555,1,0,-0.733916813,2,2,0.499511878,-0.524224068,0.03231412
1.411110481,60,1.979811076,1.086236092,10,0,-0.415188207,1,2,0.660325863,0.157727593,1.005737697
-0.97892767,36,-0.278951546,-0.954113654,2,0,-0.524716938,2,2,-0.656817252,-1.20617573,-0.941109457
-1.132263451,36,0.225089331,-1.102350402,10,0,0.926538742,3,2,0.295303643,-0.751541289,0.324341193
-0.998927989,36,-0.410850093,-0.981982847,10,0,0.214601993,2,6,-1.436637448,-0.751541289,-1.135794173
-0.765590931,36,-1.199886045,-0.777195575,3,0,0.07769108,2,2,-0.714250818,0.385044813,-0.357055311
-0.745590612,36,-0.410850093,-0.707907291,1,0,-0.497334755,3,2,-0.624909715,0.157727593,-0.357055311
-0.738923839,36,0.338145229,-0.652895557,7,0,1.282507117,2,2,-0.157783378,1.066996475,0.03231412
-0.365584546,36,-0.048129088,-0.26486407,2,0,-0.059219833,2,2,-0.161612282,-0.069589628,-0.454397669
0.301092762,36,-1.703926922,0.258666405,1,0,0.351512907,3,2,0.519932702,-0.978858509,0.908395339
0.961103298,60,1.146023831,0.506668023,10,0,-0.271021016,2,2,1.59713114,0.385044813,0.713710624
0.634431416,36,0.738551533,0.964586212,10,0,1.118214021,2,1,0.587576679,1.066996475,1.687134201
0.034421839,60,0.338145229,-0.379418419,1,0,-0.876304163,2,8,0.264672408,-1.43349295,-1.622505961
0.034421839,36,0.799790144,0.276576208,4,0,-0.469952573,2,2,0.942388487,-0.751541289,-1.038451815
-0.818925116,36,0.107322771,-0.757063075,1,0,-0.387806025,3,2,-0.242019275,-0.978858509,-1.525163604
-1.232265047,36,-1.105672797,-1.255459984,4,0,-1.127124956,2,0,-1.228600309,-0.978858509,-1.135794173
1.524445623,60,1.028257271,0.953771939,10,0,-0.027675559,2,2,0.463775437,0.612362034,-0.162370596
-1.032261854,36,-0.969063588,-1.042252113,4,0,-0.333041659,2,1,-0.715527119,0.157727593,-0.454397669
0.334426628,36,-0.203580947,0.48824529,3,0,-0.847826693,2,2,0.721588334,-0.751541289,-0.454397669
-0.632255469,36,-0.644027882,-0.60155982,3,0,-0.141366381,3,2,0.872191907,0.157727593,0.713710624
-0.098913623,36,-0.969063588,-0.06636019,2,0,-0.059219833,2,5,-0.549607928,-0.978858509,-0.746424742
-1.232265047,36,-0.969063588,-1.251356545,5,0,-0.825920947,3,7,0.508445988,0.385044813,-0.746424742
-0.248916017,36,-1.402444529,-0.263282536,10,0,-0.360423842,2,2,-1.545123073,-0.296906848,-0.357055311
0.647764963,36,0.738551533,0.980059598,10,0,-0.333041659,3,2,-0.501108472,-1.20617573,-0.259712953
-0.338917454,36,-0.644027882,-0.288672567,4,0,0.762245646,2,2,-0.05567926,-1.20617573,-0.746424742
0.301092762,36,0.107322771,0.493032636,3,0,-0.387806025,2,2,0.417828584,1.521630916,0.324341193
1.367776456,36,-0.048129088,1.651869565,9,0,-0.37682577,4,2,0.652668054,0.385044813,0.908395339
-0.365584546,36,-0.278951546,-0.285253034,10,0,0.07769108,2,2,-0.622357112,-0.978858509,-0.8437671
2.967801996,60,1.789029249,2.430967374,10,0,1.583711126,3,2,0.18809432,1.066996475,0.616368266
0.221091485,36,-0.644027882,0.308634328,10,0,0.844392194,2,2,-1.529807455,-0.978858509,-1.135794173
-1.165597316,36,-1.939460042,-1.214340102,6,0,-0.141366381,2,2,0.308066658,-0.978858509,-0.357055311
-0.365584546,36,-0.278951546,-0.285253034,3,0,-0.196130746,3,1,-0.867406994,-0.978858509,-1.135794173
-0.098913623,36,0.338145229,0.071361495,5,0,0.214601993,3,2,0.131937055,1.748948136,0.324341193
0.494429182,36,0.338145229,0.742829508,5,0,-0.798538765,2,1,0.461222834,1.748948136,0.421683551
-1.232265047,36,-1.939460042,-1.279952388,8,0,-0.469952573,2,2,-0.836775758,-0.296906848,-0.551740026
-0.205581992,36,-1.939460042,-0.269394951,2,0,0.351512907,3,1,-0.332636679,1.066996475,0.129656478
-0.098913623,36,-0.410850093,-0.00831362,5,0,-0.743774399,2,2,-0.373478326,0.385044813,-0.649082384
0.767766878,36,0.568967687,1.09063874,8,0,0.132455446,3,2,0.693509701,-0.069589628,0.324341193
2.614463022,36,1.560562122,3.504444215,9,0,0.07769108,2,2,0.780298201,1.066996475,0.519025909
0.541096593,60,1.209617773,0.162833998,3,0,0.926538742,2,2,-0.451332715,-1.20617573,-0.162370596
-1.098929585,36,-1.939460042,-1.148727816,6,0,0.871774377,3,2,-1.174995647,-0.751541289,0.03231412
-0.365584546,36,-1.199886045,-0.364885405,4,0,-0.96283186,2,2,0.339974195,-0.524224068,-0.8437671
0.967770071,36,1.209617773,1.43729388,3,0,1.227742751,2,2,-0.206282833,0.612362034,1.200422413
0.497762568,36,-1.402444529,0.496794122,9,0,-0.75557612,3,2,-1.547675676,1.066996475,0.226998835
-0.365584546,36,-0.644027882,-0.317140178,8,0,-0.825920947,1,2,-0.499832171,-0.069589628,-0.649082384
1.214440675,60,1.028257271,0.694742328,2,0,-0.469952573,2,2,0.845389576,0.385044813,-0.162370596
2.034453764,36,-0.278951546,2.332057387,6,0,1.583711126,2,2,0.462499136,-0.296906848,1.005737697
-0.365584546,36,0.107322771,-0.251057706,8,0,-0.864256003,1,2,-1.708489661,-1.43349295,-1.525163604
1.634447379,36,0.225089331,2.007586466,5,0,0.625334733,2,2,-0.591725877,1.066996475,0.421683551
2.967801996,60,-0.644027882,1.597627225,6,0,1.912297318,2,2,-0.691277391,-0.978858509,-0.162370596
-0.898926393,36,-0.969063588,-0.902820662,10,0,-0.634245669,2,2,-0.160335981,-0.069589628,0.03231412
0.701099147,60,2.114064954,0.466488512,8,0,-0.469952573,2,2,0.190646923,-1.20617573,-0.941109457
-0.375584706,36,1.327384333,-0.152062231,1,0,-0.497334755,2,3,-1.127772493,-1.43349295,-0.551740026
1.234440994,60,-0.410850093,0.405620828,5,0,-0.469952573,2,2,0.211067746,-0.524224068,-0.551740026
0.434428224,36,-0.203580947,0.597798573,7,0,-0.469952573,2,1,-0.401556958,-1.43349295,-0.941109457
-1.338933416,36,-0.410850093,-1.34983909,5,0,-0.360423842,3,6,-0.360715311,-0.524224068,-0.551740026
0.434428224,60,-0.203580947,-0.148343489,10,0,0.159837628,3,2,-0.718079722,-0.524224068,1.200422413
-0.898926393,36,-0.644027882,-0.886022207,2,0,-0.362477506,3,2,0.693509701,0.385044813,-0.357055311
1.977786193,60,1.445150893,1.448749315,6,0,-0.168748564,2,2,1.603512648,-0.069589628,0.03231412
0.897768953,36,-0.644027882,1.030369474,8,0,1.036067473,1,2,0.451012422,0.385044813,1.005737697
-0.898926393,36,-0.048129088,-0.854647993,10,0,-0.360423842,2,2,0.216172952,-0.069589628,-0.649082384
-0.898926393,36,-0.180027635,-0.861658036,10,0,0.48842382,3,2,0.90154684,1.748948136,0.129656478
-1.165597316,36,0.225089331,-1.139794286,6,0,-0.333041659,3,2,0.260843504,-0.751541289,-0.551740026
1.634447379,60,1.996298394,1.293417037,5,0,-0.333041659,6,1,1.367396876,0.612362034,-0.259712953
-0.898926393,36,-0.203580947,-0.862897616,7,0,1.446800213,3,1,-1.122667287,0.612362034,-0.357055311
-0.952260577,36,-1.637977649,-0.990317958,5,0,-1.072360591,1,2,-0.087586797,-0.524224068,-1.135794173
0.861101701,60,1.675973351,0.525945639,3,0,1.036067473,2,1,-0.330084076,-0.524224068,-0.649082384
-0.898926393,36,-0.410850093,-0.873797377,6,0,0.762245646,2,2,-0.882722611,2.203582577,-0.065028238
1.634447379,36,-1.199886045,1.696750933,6,0,-0.059219833,2,2,0.131937055,-0.296906848,-0.357055311
1.501111917,36,-1.402444529,1.518123087,1,0,0.762245646,2,2,-0.749987259,-0.751541289,-1.038451815
-0.898926393,36,-0.278951546,-0.866872823,9,0,-1.017596226,6,6,-1.194140169,-1.43349295,-1.525163604
-1.215598114,36,-0.048129088,-1.204808154,4,0,-1.044978408,1,1,0.909204649,-0.069589628,-1.038451815
0.851101542,60,0.799790144,0.347702491,10,0,-0.634245669,2,2,1.736248,1.294313695,0.421683551
-1.005594762,36,-0.410850093,-0.98920661,3,0,-0.141366381,2,1,-0.100349812,-0.524224068,1.29776477
-1.165597316,36,0.338145229,-1.135733591,5,0,0.461041637,2,2,-0.275203113,-0.069589628,1.29776477
-1.298932778,36,-2.078424583,-1.349026951,7,0,-0.606863486,3,2,0.619484216,0.839679254,0.811052982
-0.418918731,36,0.225089331,-0.3005127,10,0,0.296748541,2,2,0.421657489,0.157727593,0.421683551
-0.165581354,36,-0.278951546,-0.067129585,2,0,-1.007629111,2,2,-0.737224244,-1.20617573,-1.135794173
0.967770071,60,1.979811076,0.68345787,10,0,0.707481281,2,2,0.264672408,0.385044813,-0.065028238
-0.568921125,36,0.568967687,-0.442893497,3,0,-0.880685312,2,8,-1.024392074,-1.20617573,-1.23313653
-1.388934214,36,-1.703926922,-1.429599693,1,0,-0.716392217,2,2,-0.586620671,-0.978858509,-1.427821246
-0.565587739,36,-0.969063588,-0.554284779,4,0,-0.990214043,2,2,1.90089089,0.385044813,-0.357055311
-0.205581992,36,0.338145229,-0.049348014,5,0,0.597952551,2,2,-0.718079722,1.066996475,0.129656478
1.501111917,60,1.209617773,0.978007878,5,0,1.036067473,2,2,-1.754436514,-0.524224068,0.03231412
-0.738923839,36,-1.199886045,-0.74971108,2,0,-0.709738346,3,2,-1.55150458,-0.524224068,0.129656478
0.434428224,60,-1.199886045,-0.294272052,9,0,0.351512907,2,2,-0.021219121,-0.069589628,-0.551740026
0.501095955,36,0.568967687,0.784676041,1,0,-0.606863486,2,2,0.33614529,-0.296906848,0.03231412
-0.5255871,36,0.107322771,-0.429642808,1,0,-1.209271504,1,6,1.528210861,0.385044813,0.421683551
0.567763686,36,-0.87485034,0.644475196,6,0,1.583711126,2,2,-1.337085934,2.658217018,2.17384599
2.834466534,60,1.94919177,2.368475412,10,0,0.159837628,2,2,-0.45516162,-0.751541289,-0.551740026
-1.298932778,36,-1.402444529,-1.332143008,10,0,-0.250895112,3,1,-0.843157266,0.612362034,-0.746424742
-0.5255871,36,-0.644027882,-0.487774866,4,0,-0.469952573,2,1,-1.003971251,-0.524224068,-0.649082384
-0.498920008,36,0.107322771,-0.399892872,10,0,-0.059219833,2,1,-0.171822694,-0.751541289,-1.135794173
-0.53558726,36,-0.410850093,-0.480722079,4,0,-0.360423842,2,2,0.068121982,-0.524224068,-0.649082384
-1.098929585,36,1.028257271,-1.032079002,1,0,-0.606863486,1,2,-1.260507846,-1.660810171,-1.427821246
0.234425031,36,-2.078424583,0.147061403,1,0,-0.469952573,2,2,0.694786003,-0.524224068,0.226998835
-1.058928947,36,-0.278951546,-1.041354485,3,0,0.762245646,2,5,-1.362611963,-0.524224068,-1.330478888
-0.098913623,36,-0.123499686,0.02199199,10,0,-0.196130746,2,11,1.923864316,-0.524224068,-0.357055311
0.834434609,60,-0.048129088,0.177879942,1,0,-0.641091214,2,2,1.603512648,0.385044813,0.226998835
-1.188931022,36,-0.644027882,-1.195318951,5,0,-1.181889322,2,2,2.017034323,-0.751541289,-0.941109457
1.501111917,60,0.87045008,0.896494765,9,0,-0.346732751,2,2,1.375054685,0.612362034,1.29776477
-0.098913623,36,-0.048129088,0.030027892,3,0,-0.579481303,2,2,0.674365179,0.157727593,-0.357055311
-1.165597316,36,-0.203580947,-1.155011207,3,0,-0.333041659,2,2,-0.866130692,0.157727593,-0.8437671
-0.765590931,60,-0.203580947,-1.043235228,5,0,-0.880685312,2,2,0.359118717,-0.978858509,-0.551740026
-0.365584546,36,-0.048129088,-0.26486407,9,0,-0.415188207,2,2,0.698614907,1.294313695,2.17384599
-1.458935332,36,-0.410850093,-1.479653105,2,0,-0.85330313,2,1,0.223830761,1.748948136,0.03231412
-0.165581354,36,0.738551533,0.037550864,6,0,-0.059219833,2,2,2.015758022,1.066996475,0.324341193
0.17775746,36,1.028257271,0.47272916,5,0,-0.579481303,2,2,0.436973106,3.112851459,0.519025909
-0.098913623,36,-0.048129088,0.030027892,7,0,0.105073263,2,1,-0.086310495,0.157727593,-0.941109457
0.741099786,60,0.799790144,0.257683289,9,0,0.124377702,2,2,-0.764026575,0.839679254,0.519025909
-1.458935332,36,-0.410850093,-1.479653105,1,0,-0.579481303,2,5,-1.944605432,-1.20617573,-1.622505961
0.967770071,36,-0.644027882,1.105043522,5,0,1.036067473,2,2,0.526314209,0.612362034,0.519025909
2.541128518,36,1.675973351,3.449688945,8,0,1.720622039,1,9,0.084713901,1.294313695,0.226998835
-0.365584546,36,0.107322771,-0.251057706,10,0,-0.278277294,2,2,-0.876341104,-0.524224068,-0.454397669
-1.058928947,36,0.568967687,-1.005064693,3,0,-0.288408702,3,8,0.951322598,1.066996475,1.29776477
-0.298916815,36,0.568967687,-0.133126568,10,0,-0.216475708,3,2,-0.222874753,0.612362034,-0.162370596
-1.298932778,36,0.107322771,-1.29281838,5,0,-0.428879299,2,2,1.731142794,1.066996475,0.226998835
-0.498920008,36,-1.199886045,-0.50230788,1,0,-0.825920947,2,2,-0.413043671,-0.524224068,-0.259712953
1.501111917,60,-0.048129088,0.682389266,4,0,1.583711126,3,2,0.89261273,-1.43349295,-1.525163604
-0.098913623,36,0.738551533,0.114789562,5,0,-0.250895112,2,2,-0.072271179,-0.751541289,-0.941109457
-0.578921285,36,-0.278951546,-0.517909499,2,0,0.07769108,2,2,-0.508766281,-0.751541289,-1.135794173
-0.415585344,36,-0.048129088,-0.320175013,3,0,0.48842382,2,2,0.185541717,-1.20617573,-0.941109457
-0.898926393,36,-0.644027882,-0.886022207,5,0,-0.469952573,1,2,-1.49024211,-0.751541289,-1.135794173
1.754449294,36,1.209617773,2.37441685,10,0,0.74121613,1,2,-1.78634405,-0.751541289,-1.23313653
-0.098913623,36,-0.644027882,-0.032720535,3,0,-0.333041659,2,2,-0.719356023,-0.524224068,-1.23313653
-0.365584546,36,-0.644027882,-0.317140178,4,0,-0.825920947,2,2,-1.197969074,0.385044813,0.713710624
1.234440994,36,-0.278951546,1.459606332,4,0,1.309889299,2,2,-1.208179486,0.612362034,0.129656478
-0.565587739,36,-1.402444529,-0.585616249,5,0,-0.783204742,2,1,2.091059808,-0.524224068,-0.454397669
-0.365584546,36,-1.703926922,-0.407330356,10,0,-0.230112035,2,2,1.100649869,-0.296906848,-0.065028238
0.434428224,36,-0.410850093,0.568689799,10,0,-0.03183765,3,2,1.24870084,-0.296906848,0.129656478
-1.032261854,36,-0.123499686,-1.005406646,4,0,-0.579481303,2,2,-1.062681118,1.294313695,1.881818917
-0.365584546,36,-0.644027882,-0.317140178,5,0,-0.059219833,2,1,-0.909524942,-0.751541289,-0.8437671
-0.498920008,36,-0.410850093,-0.441055499,7,0,-0.563051994,2,2,-0.581515465,0.612362034,-0.746424742
-0.138914261,36,0.107322771,0.001944978,10,0,0.48842382,2,2,-1.180100853,-0.978858509,-0.746424742
-0.588921444,36,0.107322771,-0.500341649,10,0,0.07769108,2,8,-0.249677083,-0.524224068,0.519025909
0.701099147,60,1.793739911,0.406304735,10,0,-0.248156893,2,2,0.440802011,-0.069589628,0.519025909
-0.765590931,36,-0.644027882,-0.743769642,10,0,-0.743774399,3,2,2.037455147,1.294313695,0.421683551
-0.098913623,36,-0.180027635,0.016007807,8,0,-0.880685312,2,1,-0.912077545,-0.524224068,-0.551740026
0.934436205,36,-0.410850093,1.109617148,6,0,-0.333041659,2,2,-0.599383686,-0.751541289,-0.065028238
1.767782841,36,1.678328682,2.503846167,1,0,1.583711126,2,1,-0.638949031,0.839679254,-0.649082384
-0.258916177,36,-0.180027635,-0.159499715,7,0,-0.908067495,2,2,1.972363772,-1.20617573,-1.525163604
-0.965594124,36,-0.180027635,-0.934793294,1,0,-1.017596226,2,1,-0.741053148,-0.978858509,-1.038451815
1.634447379,36,-0.644027882,1.816135373,10,0,2.405176605,2,2,-0.624909715,1.521630916,0.811052982
-0.098913623,36,-0.123499686,0.02199199,3,0,-0.333041659,2,2,-0.299452841,1.294313695,-0.065028238
-0.898926393,36,-0.123499686,-0.858665944,3,0,-0.933259103,2,2,1.592025935,-0.524224068,-0.941109457
0.301092762,36,0.917556704,0.602842383,8,0,-0.606863486,1,2,-0.341570789,-0.978858509,0.811052982
-0.138914261,36,0.856318093,0.081021675,9,0,-0.743774399,1,2,2.199545433,-0.069589628,-0.162370596
-0.862259141,36,-1.637977649,-0.900042291,2,0,-1.127124956,2,2,0.952598899,-0.069589628,-0.746424742
0.434428224,36,-0.410850093,0.568689799,8,0,1.309889299,2,2,-1.515768139,-0.751541289,-0.941109457
-0.502253394,36,0.107322771,-0.403611614,10,0,0.734863464,1,10,-0.767855479,-0.296906848,1.687134201
-1.015594922,36,-0.644027882,-1.010450457,10,0,-0.720061429,3,1,0.68329929,-0.296906848,0.03231412
2.301124687,36,1.793739911,3.189206033,1,0,1.583711126,2,2,1.100649869,1.066996475,0.519025909
-0.898926393,36,-0.180027635,-0.861658036,1,0,-0.059219833,2,1,-0.136086253,-1.20617573,-0.162370596
1.057771507,60,1.793739911,0.725133426,4,0,-0.267926829,2,2,0.924520267,-0.069589628,-0.746424742
-0.098913623,36,-0.644027882,-0.032720535,6,0,-0.552099121,3,1,1.846009927,0.612362034,-0.259712953
-0.238915857,36,0.338145229,-0.087091107,8,0,-0.661627851,2,2,0.248080489,0.612362034,-0.746424742
0.861101701,60,0.98821664,0.391857208,9,0,-0.387806025,2,8,0.4318679,-0.069589628,-0.551740026
0.967770071,60,0.568967687,0.397713158,1,0,0.063999989,2,1,0.767535186,1.521630916,0.421683551
-0.498920008,36,-1.402444529,-0.517781266,2,0,0.48842382,2,2,0.205962541,1.294313695,2.368530705
-1.298932778,36,-0.87485034,-1.318635853,8,0,-0.935449678,2,11,0.40506557,1.294313695,1.103080055
-0.365584546,36,-0.644027882,-0.317140178,6,0,-0.469952573,2,2,0.507169687,0.157727593,-0.8437671
-1.232265047,36,-0.410850093,-1.234429857,2,0,-0.606863486,2,2,1.967258566,-0.524224068,-0.8437671
-0.965594124,36,-0.644027882,-0.957105745,1,0,-0.976522952,3,1,-1.302625794,-1.20617573,-1.427821246
-1.068929106,36,-1.637977649,-1.107351469,8,0,-1.044978408,2,4,-1.362611963,-0.524224068,-0.551740026
2.301124687,60,-0.410850093,1.185616265,2,0,5.006483957,3,8,-0.115665429,-0.978858509,-0.162370596
-0.418918731,36,-1.939460042,-0.47939701,5,0,0.214601993,2,2,-0.711698215,-0.978858509,-1.038451815
-0.138914261,36,-0.644027882,-0.075379207,1,0,-0.743774399,2,1,0.396131459,-1.20617573,-1.525163604
0.301092762,36,-0.180027635,0.454862101,5,0,0.214601993,2,2,0.12683185,-0.978858509,-0.941109457
0.611097711,60,0.98821664,0.183735892,8,0,1.331795046,2,12,-1.265613052,-0.751541289,-0.065028238
-0.985594443,36,-0.644027882,-0.978435081,2,0,-0.676961874,3,2,-0.219045848,1.294313695,0.324341193
0.701099147,36,-0.123499686,0.902649924,6,0,0.399705548,6,2,1.233385222,-0.524224068,-0.746424742
0.017754906,36,-0.410850093,0.117909885,10,0,0.113287918,2,2,-0.51642409,1.521630916,0.421683551
-1.265598912,60,1.984521738,-1.345436441,9,0,-0.196130746,2,8,-0.728290134,4.249437561,3.049927209
-0.365584546,36,0.686734247,-0.198909831,10,0,-0.743774399,6,2,0.891336429,-0.296906848,-1.038451815
-0.898926393,36,-1.939460042,-0.951848214,5,0,1.309889299,2,2,0.401236665,0.839679254,-0.259712953
0.301092762,36,-1.637977649,0.266916028,3,0,-0.113984198,2,8,-1.509386632,1.066996475,0.324341193
0.967770071,36,-0.180027635,1.186214683,4,0,-0.141366381,2,1,-0.328807774,-0.069589628,-0.065028238
0.967770071,36,0.107322771,1.237165722,10,0,0.544968027,3,2,0.037490747,-0.978858509,-0.746424742
-1.49893597,36,-0.87485034,-1.528979866,10,0,0.674622662,2,8,-1.034602486,-0.296906848,1.29776477
-1.378934055,36,0.568967687,-1.372194286,6,0,-0.196130746,2,8,-2.005867903,-1.660810171,-1.135794173
0.601097551,36,0.222734,0.845671958,8,0,-0.497334755,2,2,0.669259973,0.385044813,-0.065028238
0.221091485,36,-0.644027882,0.308634328,6,0,-0.113984198,2,1,0.642457643,-0.978858509,-1.330478888
0.541096593,60,1.984521738,0.296623219,10,0,-0.168748564,1,2,-1.238810721,-1.20617573,0.616368266
0.054422158,36,0.917556704,0.313977348,10,0,-0.538408029,3,8,1.660946214,-0.069589628,1.005737697
0.301092762,60,1.327384333,-0.023103099,3,0,0.707481281,2,8,-0.336465583,-0.978858509,-0.941109457
0.731099626,36,-0.410850093,0.889612955,7,0,-0.415188207,2,10,-1.546399375,-1.43349295,-0.941109457
-0.418918731,36,0.338145229,-0.290767031,4,0,0.07769108,2,2,0.216172952,1.066996475,0.519025909
-0.885592847,36,0.856318093,-0.790232544,10,0,-0.196130746,2,2,0.6054449,-0.524224068,-0.454397669
-0.365584546,36,-1.637977649,-0.401816359,8,0,-0.196130746,2,5,-1.3945195,0.385044813,-0.357055311
0.701099147,36,0.107322771,0.939538134,10,0,0.48842382,2,2,1.763050331,2.430899798,1.200422413
-0.898926393,36,0.107322771,-0.846355626,10,0,-0.305659477,2,2,0.611826407,1.294313695,0.811052982
-1.565603701,36,-2.078424583,-1.609210654,10,0,-0.634245669,2,2,-0.718079722,-0.524224068,-0.746424742
0.811100903,36,-0.410850093,0.976169879,6,0,-0.387806025,2,2,1.311239612,0.612362034,-0.065028238
1.634447379,36,-0.410850093,1.866915435,2,0,0.392586181,2,2,0.725417238,-0.296906848,0.03231412
-0.632255469,36,-2.078424583,-0.69854632,4,0,-0.264586203,2,2,-0.809973428,0.157727593,0.908395339
-1.165597316,36,-1.703926922,-1.206517921,8,0,-0.333041659,2,12,1.026624384,-0.751541289,-1.135794173
-0.418918731,36,0.338145229,-0.290767031,2,0,-0.606863486,6,1,0.458670231,-0.751541289,-1.23313653
-1.265598912,36,-0.180027635,-1.263923328,3,0,-0.333041659,2,8,-0.903143435,-0.751541289,1.29776477
1.901118302,60,2.318978769,1.627847347,5,0,0.159837628,2,2,0.323382276,0.157727593,1.005737697
-1.565603701,36,-0.87485034,-1.599080288,7,0,-0.606863486,3,11,2.059152272,0.157727593,-0.551740026
-0.098913623,36,-1.637977649,-0.134323404,3,0,0.105073263,2,2,1.676261831,2.658217018,2.465873063
0.501095955,36,-0.410850093,0.640799198,10,0,0.543188185,3,2,-0.642777935,-0.069589628,0.908395339
-0.26558295,36,0.222734,-0.128381966,2,0,-0.847826693,2,2,1.286989884,-0.296906848,0.616368266
-0.165581354,36,0.568967687,0.019854782,2,0,-0.743774399,2,2,0.462499136,-0.524224068,0.811052982
-0.765590931,36,-2.078424583,-0.828659544,8,0,-0.743774399,2,2,0.588852981,1.066996475,0.811052982
-0.098913623,36,-1.105672797,-0.080380274,7,0,-0.333041659,3,2,-0.822736442,0.157727593,0.324341193
-0.365584546,36,-1.105672797,-0.356849503,1,0,1.556328943,2,2,-1.989275984,-1.43349295,-1.427821246
-0.418918731,36,0.107322771,-0.310600321,2,0,0.351512907,1,2,-0.548331627,-0.978858509,-1.23313653
0.381094039,36,0.686734247,0.663667324,1,0,0.625334733,2,2,-0.466648333,1.976265357,1.103080055
-0.365584546,36,0.856318093,-0.183479189,2,0,-0.579481303,2,2,1.122346994,0.385044813,0.421683551
0.72776624,60,1.562917453,0.386813398,4,0,-0.333041659,2,2,-0.091415701,-0.296906848,0.421683551
-0.365584546,36,-0.644027882,-0.317140178,10,0,-0.743774399,3,1,1.358462766,-0.524224068,-0.8437671
-0.098913623,36,-0.180027635,0.016007807,2,0,0.269366359,2,2,-0.84698617,-0.751541289,-0.551740026
-1.255598753,36,-1.703926922,-1.29640889,1,0,-1.017596226,2,9,1.459290582,-0.524224068,-1.038451815
-1.165597316,60,0.338145229,-1.320901293,5,0,-0.901714829,2,2,-0.040363643,-0.069589628,-0.746424742
-0.258916177,36,-2.078424583,-0.334280586,3,0,0.652716916,2,2,-0.998866045,0.157727593,0.811052982
0.967770071,60,1.146023831,0.512310252,2,0,0.351512907,2,2,0.565879554,0.385044813,0.713710624
-0.115580555,36,0.856318093,0.108249705,7,0,0.406277272,1,2,-1.514491838,1.294313695,0.713710624
2.301124687,60,0.568967687,1.466231677,5,0,1.036067473,2,2,0.525037908,-0.069589628,0.908395339
0.367760493,36,1.146023831,0.71346427,2,0,0.269366359,2,2,-0.63767273,-0.751541289,-1.135794173
-1.138930224,36,-0.644027882,-1.141974239,8,0,1.912297318,2,3,-0.004627202,-0.524224068,-0.259712953
0.221091485,36,0.98821664,0.518508155,10,0,-0.196130746,2,2,0.502064481,0.157727593,-0.065028238
-1.565603701,36,-0.123499686,-1.592540432,10,0,-1.195580413,2,10,2.263360507,-0.978858509,-0.357055311
-0.365584546,36,0.856318093,-0.183479189,10,0,0.329004753,2,2,1.276779472,1.066996475,1.881818917
-0.098913623,36,-1.402444529,-0.110600395,3,0,-0.579481303,2,1,-0.383688737,-0.751541289,-0.746424742
-0.465586142,36,0.686734247,-0.314447296,10,0,-0.96283186,2,2,-0.242019275,-1.20617573,-1.23313653
-0.898926393,36,-0.87485034,-0.897947828,6,0,-1.017596226,2,2,-0.98610303,-1.20617573,-1.525163604
-0.938927031,36,-0.644027882,-0.928680879,10,0,0.48842382,3,1,-1.750607609,-0.069589628,-1.135794173
-0.032245892,36,-0.644027882,0.038405747,5,0,0.351512907,2,1,-0.179480503,-0.524224068,0.421683551
2.301124687,60,1.447506225,1.729834913,10,0,2.747453888,2,2,-1.537465264,-0.978858509,-1.23313653
-0.098913623,36,-1.939460042,-0.164415293,1,0,0.07769108,3,2,-0.584068068,-1.20617573,-0.454397669
-0.898926393,36,-0.644027882,-0.886022207,5,0,-1.017596226,3,2,0.417828584,-0.069589628,0.519025909
0.607764324,36,-0.644027882,0.721029987,1,0,-0.196130746,3,2,0.690957098,1.976265357,0.908395339
0.167757301,36,-0.180027635,0.30854884,2,0,5.14339487,2,1,-0.974616317,1.976265357,4.023350786
0.567763686,36,-0.180027635,0.747403134,10,0,-0.278277294,2,2,0.348908305,0.157727593,2.076503632
-0.712256746,36,-2.078424583,-0.776597157,4,0,0.214601993,2,2,-0.369649421,-0.978858509,-0.8437671
2.967801996,36,2.06695833,4.101067204,3,0,1.090831838,1,2,0.915586157,2.885534238,1.395107128
1.697781723,36,-0.410850093,1.935434324,5,0,0.07769108,2,2,1.298476597,-0.296906848,-0.357055311
-0.832258662,36,-1.637977649,-0.869950403,2,0,-0.730083308,1,2,2.046389257,-0.296906848,-0.259712953
-0.632255469,36,0.856318093,-0.494656675,2,0,-1.017596226,2,2,0.288922136,-0.524224068,-1.23313653
0.257758737,36,1.562917453,0.639773338,2,0,-0.672580724,2,2,-1.155851125,-1.660810171,-0.551740026
-0.365584546,36,-0.644027882,-0.317140178,10,0,-0.059219833,2,2,1.436317155,0.157727593,1.103080055
-1.058928947,36,-0.410850093,-1.046911226,7,0,-0.77778307,1,2,0.955151502,-1.20617573,-1.038451815
-0.232249084,36,-0.644027882,-0.174930357,1,0,-0.387806025,2,0,1.528210861,0.839679254,-0.551740026
-1.032261854,36,-0.87485034,-1.038191417,3,0,-0.278277294,3,2,-0.065889672,0.385044813,0.324341193
-0.365584546,36,-0.180027635,-0.276533226,10,0,-0.606863486,3,2,0.818587245,0.385044813,0.129656478
-0.565587739,60,0.98821664,-0.795832029,7,0,-0.415188207,2,1,-1.713594867,-1.20617573,-0.454397669
-0.498920008,36,-0.410850093,-0.441055499,8,0,-0.85330313,2,2,-1.25540264,-0.296906848,-0.649082384
-0.765590931,36,-1.402444529,-0.789206684,7,0,-0.661627851,3,2,0.376986937,0.157727593,1.687134201
0.334426628,36,0.856318093,0.63331897,10,0,-0.196130746,1,2,1.104478774,-0.524224068,-0.551740026
0.967770071,36,0.222734,1.257768407,5,0,0.07769108,2,2,0.463775437,1.066996475,0.519025909
-1.188931022,36,-0.87485034,-1.202970155,1,0,-1.099742774,2,10,-1.245192228,-1.20617573,-1.23313653
0.701099147,36,0.222734,0.958089099,10,0,-0.469952573,2,12,1.738800603,-0.296906848,0.616368266
-0.765590931,36,-1.402444529,-0.789206684,3,0,-0.289230167,3,0,0.498235577,-0.524224068,-0.8437671
-0.898926393,36,-1.637977649,-0.936802269,2,0,-0.333041659,2,1,0.008135813,0.385044813,0.03231412
-0.098913623,36,-0.410850093,-0.00831362,5,0,-0.469952573,3,2,-0.170546392,0.157727593,-0.162370596
-0.898926393,36,-1.939460042,-0.951848214,2,0,1.036067473,2,7,-1.876961455,-1.20617573,-0.941109457
-1.565603701,36,-1.105672797,-1.60104652,10,0,0.406277272,2,8,0.477814753,1.748948136,1.687134201
1.921118622,60,1.678328682,1.464564654,9,0,0.625334733,3,2,-1.03843139,1.066996475,1.687134201
-0.898926393,36,-1.703926922,-0.940136314,2,0,1.03026245,2,2,-1.007800155,-0.524224068,-0.454397669
-0.252249404,36,-0.123499686,-0.146804699,8,0,0.214601993,3,2,1.332936737,0.839679254,1.103080055
0.701099147,36,0.338145229,0.976682809,10,0,-0.196130746,1,2,1.719656081,0.385044813,2.271188347
1.234440994,36,-1.402444529,1.24669767,5,0,1.145596204,2,2,0.401236665,-0.296906848,-0.454397669
0.301092762,60,0.107322771,-0.2035262,10,0,-0.469952573,2,2,0.911757252,-1.20617573,-0.8437671
-0.365584546,36,-0.180027635,-0.276533226,1,0,-0.771156582,3,2,-1.035878787,-0.524224068,-0.357055311
-0.702256587,36,-0.87485034,-0.69115158,7,0,-0.689010034,2,2,0.442078312,-1.20617573,-0.746424742
0.414427905,36,-0.180027635,0.579162119,6,0,-0.606863486,3,1,1.17084645,0.157727593,-0.259712953
-0.425585504,36,-1.939460042,-0.485979611,2,0,1.720622039,2,1,-0.442398605,-0.751541289,-0.649082384
-1.352266962,36,0.107322771,-1.352360995,5,0,-0.278277294,2,2,-1.088207148,-0.296906848,-0.746424742
1.634447379,36,0.686734247,2.111625753,5,0,0.351512907,3,2,-0.434740796,1.748948136,0.03231412
-0.098913623,36,0.107322771,0.046569882,2,0,0.07769108,2,2,-1.561714992,-0.978858509,-0.065028238
-0.098913623,36,-2.078424583,-0.178178913,6,0,0.07769108,2,2,0.784127105,1.976265357,1.29776477
2.967801996,36,-1.105672797,3.09927232,10,0,3.226642085,2,10,0.827521355,0.385044813,0.226998835
-0.365584546,36,0.107322771,-0.251057706,4,0,4.048107564,3,1,-1.343467441,0.385044813,-0.162370596
-0.098913623,36,0.222734,0.058965688,7,0,-0.552099121,6,2,1.641801692,-0.524224068,0.324341193
-0.632255469,36,0.856318093,-0.494656675,10,0,1.309889299,3,2,-0.088863098,0.385044813,0.519025909
-0.898926393,36,0.338145229,-0.83395982,5,0,-0.333041659,2,2,-0.143744062,0.385044813,-0.259712953
1.177773423,36,-0.410850093,1.372878431,7,0,-0.196130746,2,2,-1.006523854,-0.978858509,-1.427821246
0.53442982,36,-0.123499686,0.719191988,4,0,-0.469952573,2,2,1.03172959,0.839679254,0.421683551
-0.365584546,36,0.107322771,-0.251057706,2,0,-0.196130746,5,2,0.385921048,0.839679254,0.324341193
2.967801996,36,1.327384333,3.857981164,4,0,0.844392194,2,10,-1.094588655,-0.978858509,0.713710624
-1.295599391,36,-0.87485034,-1.315130832,7,0,-0.059219833,3,2,0.795613819,1.066996475,1.005737697
-0.098913623,36,-0.123499686,0.02199199,9,0,-0.469952573,2,1,0.615655312,-0.524224068,0.908395339
-0.098913623,36,0.856318093,0.127698298,10,0,0.351512907,2,2,0.355289812,1.976265357,2.660557778
-0.172248127,36,-1.703926922,-0.21421224,5,0,-0.278277294,3,2,-0.864854391,0.612362034,0.226998835
-0.365584546,36,0.686734247,-0.198909831,4,0,-0.880685312,2,2,2.105099125,1.066996475,-0.649082384
-0.898926393,36,-1.703926922,-0.940136314,10,0,-0.196130746,1,1,-0.157783378,-0.524224068,-0.454397669
-0.282249883,60,0.917556704,-0.56744998,10,0,-0.825920947,2,2,1.769431839,-1.43349295,-0.746424742
-0.982261056,36,-0.644027882,-0.974887316,6,0,-1.176412885,3,2,-0.379859833,0.157727593,1.395107128
-0.365584546,36,-0.410850093,-0.296836702,3,0,0.762245646,2,1,-0.165441186,-0.524224068,-0.941109457
-0.365584546,36,-0.180027635,-0.276533226,9,0,-0.333041659,2,0,1.391646604,-0.296906848,-0.551740026
-0.632255469,36,-0.87485034,-0.617503392,2,0,-0.278277294,3,2,-0.678514377,-0.069589628,-0.357055311
-0.885592847,36,0.338145229,-0.818871131,5,0,-1.017596226,2,2,-0.336465583,0.157727593,-0.259712953
0.034421839,36,-0.644027882,0.10953203,1,0,-0.333041659,2,2,-0.804868222,0.385044813,-0.259712953
-0.498920008,36,0.222734,-0.390617389,3,0,0.07769108,2,2,0.628418326,2.658217018,0.519025909
-0.498920008,36,-1.637977649,-0.535562837,2,0,-0.552099121,3,2,-0.087586797,0.385044813,0.713710624
0.494429182,60,1.146023831,0.112652354,4,0,-0.552099121,1,2,1.061084524,0.385044813,1.005737697
-0.665589335,36,-0.180027635,-0.60566326,4,0,-0.606863486,2,2,0.745838061,-0.751541289,-0.551740026
-1.032261854,36,-0.410850093,-1.018058918,4,0,-0.661627851,1,2,-1.593622529,-0.751541289,-1.038451815
-0.922260099,36,-0.123499686,-0.884355185,2,0,-0.990214043,2,1,0.251909393,-1.43349295,-1.330478888
0.967770071,36,1.146023831,1.42558198,10,0,0.132455446,2,2,1.565223604,2.203582577,0.713710624
-1.218931501,36,-0.123499686,-1.210920569,3,0,0.214601993,3,4,-0.808697126,-0.751541289,0.03231412
0.034421839,36,-0.410850093,0.135947921,7,0,0.762245646,2,2,-0.317321061,0.385044813,0.421683551
-0.738923839,36,-0.180027635,-0.686107769,2,0,-0.606863486,2,1,0.325934879,-0.524224068,-0.357055311
0.611097711,36,0.98821664,0.977110251,10,0,-0.469952573,6,2,2.147217073,1.066996475,2.465873063
-0.365584546,36,-0.644027882,-0.317140178,10,0,-0.661627851,2,1,-1.126496192,-1.43349295,-1.622505961
1.101105532,60,1.984521738,0.80562068,7,0,1.989049576,2,2,-0.822736442,0.385044813,1.29776477
-0.51558694,36,-0.87485034,-0.494827652,1,0,-0.96283186,3,8,0.467604341,-0.524224068,-0.454397669
-1.138930224,36,0.568967687,-1.096836405,3,0,-1.096347383,2,2,1.920035412,0.839679254,0.226998835
0.234425031,36,-0.644027882,0.32282539,5,0,-0.689010034,2,2,-0.294347635,-0.069589628,0.03231412
0.701099147,36,-0.87485034,0.784718785,10,0,3.418317363,2,2,-1.732739389,-0.978858509,0.03231412
-1.232265047,36,-1.637977649,-1.271189835,10,0,-0.743774399,2,8,-1.712318565,-1.20617573,-0.649082384
0.491095795,36,0.107322771,0.705129159,6,0,-0.196130746,2,2,-1.311559904,-0.069589628,0.616368266
-0.365584546,36,-0.123499686,-0.271532159,2,0,-0.469952573,2,10,0.762429981,-0.524224068,-1.135794173
-1.178930862,36,-1.105672797,-1.200149041,3,0,-0.85330313,3,1,0.785403407,-0.751541289,-0.551740026
1.411110481,60,1.562917453,0.985488106,10,0,-0.098622794,2,2,0.636076135,-1.20617573,-0.8437671
-1.565603701,36,0.686734247,-1.585273925,10,0,-0.771156582,2,8,-1.906316388,-1.888127391,-1.817190677
-0.365584546,60,0.568967687,-0.67080536,10,0,-0.059219833,2,8,-1.711042264,-0.751541289,-1.135794173
-0.588921444,36,-0.123499686,-0.517396569,1,0,-0.825920947,2,2,1.988955691,1.066996475,0.324341193
0.651098349,36,-0.87485034,0.732100724,4,0,-0.469952573,2,2,1.133833708,0.612362034,-0.454397669
-0.032245892,36,1.146023831,0.238747626,7,0,-0.059219833,2,2,0.990887943,1.976265357,0.811052982
-1.032261854,36,-0.410850093,-1.018058918,2,0,-0.935449678,2,1,-0.650435744,-1.43349295,-1.23313653
1.034437801,36,1.146023831,1.504701421,10,0,-0.278277294,3,2,1.853667735,-0.069589628,1.103080055
-1.298932778,36,-0.87485034,-1.318635853,1,0,-1.181889322,2,2,-1.061404817,-0.751541289,-1.427821246
-0.632255469,36,-1.703926922,-0.673711963,10,0,-0.050895649,2,2,0.148528975,-0.524224068,-0.551740026
-0.365584546,36,-0.180027635,-0.276533226,10,0,-0.669787742,2,2,-1.251573735,-1.20617573,-1.330478888
0.167757301,60,1.146023831,-0.163175713,2,0,0.132455446,1,2,1.35335756,1.521630916,0.811052982
0.417761291,36,0.568967687,0.689100099,7,0,-0.606863486,2,2,0.447183518,-0.069589628,-0.8437671
-0.365584546,36,0.856318093,-0.183479189,10,0,-0.305659477,2,1,-1.195416471,-0.296906848,-0.941109457
-0.418918731,36,-0.123499686,-0.330262635,2,0,-0.606863486,3,1,0.14470007,0.385044813,-0.8437671
-0.258916177,36,-1.637977649,-0.294827726,1,0,-0.469952573,2,2,-0.809973428,0.385044813,-0.065028238
-0.752257385,36,-0.644027882,-0.72957858,1,0,-0.716392217,2,2,-0.083757893,0.839679254,-0.454397669
-0.845592208,36,-1.637977649,-0.883329325,4,0,-0.723319909,2,1,-0.335189282,-0.751541289,-0.941109457
0.701099147,36,-0.123499686,0.902649924,2,0,0.214601993,1,1,-0.448780112,1.294313695,-0.162370596
0.167757301,36,-0.644027882,0.251741851,1,0,-0.606863486,1,1,-1.597451433,-0.524224068,-0.941109457
-0.098913623,36,-0.644027882,-0.032720535,5,0,-0.278277294,2,1,-1.109904273,0.157727593,-0.259712953
-0.365584546,36,0.222734,-0.240756364,9,0,1.857532952,2,1,0.443354614,-0.296906848,-0.162370596
-0.632255469,36,-0.644027882,-0.60155982,7,0,-0.606863486,2,2,1.599683743,-0.978858509,-0.649082384
0.967770071,60,1.146023831,0.512310252,10,0,-0.059219833,2,2,-0.250953385,-0.524224068,-0.551740026
-0.148914421,36,-0.410850093,-0.062427727,10,0,0.48842382,2,1,0.730522444,0.385044813,0.324341193
-0.188915059,36,-1.703926922,-0.230839718,1,0,-0.798538765,2,7,1.369949479,-0.978858509,-0.357055311
0.257758737,36,1.447506225,0.623957999,7,0,-0.689010034,1,11,1.324002626,-0.978858509,-0.551740026
-0.098913623,36,-1.105672797,-0.080380274,1,0,-0.350621021,3,1,1.639249089,0.385044813,0.421683551
-0.365584546,36,-1.105672797,-0.356849503,2,0,0.625334733,2,5,-1.762094323,-0.978858509,-0.941109457
-1.458935332,36,-0.123499686,-1.475122224,5,0,-1.017596226,2,7,-0.562370943,-1.20617573,-1.427821246
2.401126284,36,-0.644027882,2.633873903,6,0,0.406277272,2,2,-0.114389128,-0.524224068,0.03231412
0.221091485,36,-0.410850093,0.337871334,10,0,-0.333041659,1,2,1.131281105,-0.296906848,0.226998835
0.01442152,36,0.107322771,0.173092596,6,0,-0.579481303,1,2,-0.097797209,-0.524224068,-0.649082384
-0.418918731,36,-0.644027882,-0.374032655,3,0,-0.524716938,2,1,-0.225427355,1.066996475,0.811052982
-0.262249563,36,1.327384333,-0.016135801,10,0,-0.755028476,2,1,-0.436017098,-1.43349295,-1.135794173
2.301124687,36,-1.402444529,2.332484829,10,0,1.857532952,2,2,-0.958024398,0.839679254,0.811052982
-0.365584546,36,0.107322771,-0.251057706,3,0,-0.552099121,2,2,-0.60321259,-0.069589628,0.811052982
-1.165597316,36,-0.410850093,-1.162320459,2,0,-0.661627851,3,2,-0.840604663,-0.296906848,-1.038451815
0.417761291,36,0.686734247,0.706026786,5,0,-0.606863486,1,2,-0.069718576,1.066996475,-0.162370596
0.167757301,36,-1.105672797,0.196131699,1,0,-0.511025847,2,2,1.258911251,-0.751541289,-1.038451815
-1.165597316,36,-1.637977649,-1.204295224,4,0,-1.044978408,2,1,0.137042261,-1.888127391,-1.330478888
0.301092762,36,-0.123499686,0.462342329,6,0,0.48842382,3,1,-0.448780112,-0.296906848,-0.941109457
-1.165597316,36,-0.180027635,-1.154199068,6,0,-0.771156582,1,8,2.084678301,-0.296906848,-0.746424742
0.861101701,36,-0.410850093,1.030283986,2,0,2.542087519,2,2,-0.480687649,-0.069589628,0.129656478
-0.498920008,36,-0.123499686,-0.418315605,10,0,-0.059219833,3,1,-0.452609017,-1.43349295,0.324341193
-0.058912984,36,-0.87485034,-0.014554267,5,0,-0.73273938,2,1,0.998545752,-0.069589628,-0.357055311
-0.032245892,36,-0.644027882,0.038405747,1,0,-0.579481303,2,1,-0.106731319,0.612362034,-0.454397669
-1.218931501,36,-1.637977649,-1.257810913,2,0,-1.044978408,3,2,0.890060127,-0.524224068,-0.259712953
0.967770071,36,-0.410850093,1.145650475,1,0,1.003208854,2,2,-0.27265051,1.521630916,1.29776477
0.434428224,60,0.856318093,0.015665854,10,0,0.07769108,2,2,1.246148237,0.612362034,-0.357055311
-0.365584546,36,-0.644027882,-0.317140178,9,0,-0.469952573,2,2,-1.565543897,-1.43349295,-1.23313653
1.094438759,60,0.917556704,0.571339937,9,0,-0.250895112,2,2,1.612446758,0.385044813,-0.162370596
-0.498920008,36,-1.105672797,-0.495084117,6,0,-0.543884466,2,2,0.27488282,0.385044813,-0.649082384
-0.768924318,36,-1.637977649,-0.80643258,10,0,-0.113984198,3,1,-0.894209325,-0.296906848,-0.746424742
-1.465602105,36,-1.637977649,-1.505256857,4,0,-1.017596226,3,5,-0.317321061,-0.524224068,-1.038451815
-0.365584546,60,-0.87485034,-0.80694551,6,0,-0.634245669,2,2,-0.179480503,-1.20617573,-1.330478888
0.967770071,36,-0.644027882,1.105043522,5,0,2.131354779,2,2,-0.479411348,0.385044813,0.519025909
2.967801996,36,1.562917453,3.934749676,2,0,1.309889299,2,2,-0.938879876,0.157727593,-0.065028238
0.414427905,36,0.568967687,0.685253124,10,0,-0.606863486,2,2,-0.310939554,0.157727593,-0.8437671
0.36109372,60,1.327384333,0.028403614,1,0,-0.606863486,2,2,1.913653904,-0.069589628,0.811052982
0.034421839,36,-0.410850093,0.135947921,2,0,-0.524716938,2,2,0.458670231,-1.20617573,-1.038451815
2.191122931,60,1.447506225,1.634429947,10,0,0.324130724,2,2,0.191923224,0.157727593,0.324341193
0.034421839,36,0.568967687,0.249305434,2,0,1.309889299,2,2,-1.310283603,-0.978858509,0.519025909
-0.898926393,36,0.107322771,-0.846355626,10,0,2.131354779,2,1,-0.99503714,-0.751541289,-1.330478888
0.494429182,36,-1.637977649,0.460846283,7,0,-0.556918385,2,1,-0.322426267,1.066996475,0.324341193
-1.432268239,36,-0.123499686,-1.445756986,2,0,-0.716392217,2,2,-0.104178716,-1.43349295,-1.135794173
-0.632255469,36,0.338145229,-0.532186048,7,0,-0.196130746,2,1,-1.192863868,-0.751541289,-0.941109457
1.057771507,60,0.107322771,0.377495171,9,0,0.433659455,2,2,0.354013511,0.612362034,-0.065028238
-0.598921604,36,0.107322771,-0.511497875,2,0,-0.716392217,3,1,0.937283282,-0.296906848,-0.357055311
0.301092762,60,1.678328682,0.030797287,1,0,0.022926715,2,2,0.348908305,0.385044813,-0.259712953
-0.712256746,36,-1.105672797,-0.716285146,5,0,-0.935449678,2,2,0.886231223,0.157727593,-0.454397669
0.301092762,36,-0.410850093,0.424428259,1,0,-0.059219833,3,2,-0.488345458,-0.978858509,-1.135794173
0.167757301,36,0.98821664,0.455759728,4,0,-0.497334755,1,2,1.117241789,0.157727593,-0.259712953
-0.588921444,36,0.107322771,-0.500341649,2,0,-1.017596226,2,2,0.074503489,-0.296906848,-0.162370596
-0.765590931,36,-0.644027882,-0.743769642,2,0,-0.305659477,2,1,0.449736121,0.157727593,-0.746424742
-0.765590931,36,-1.637977649,-0.803055792,5,0,2.405176605,2,1,-0.049297753,-0.296906848,0.129656478
-1.365600509,36,-0.644027882,-1.383777953,1,0,-0.552099121,2,2,2.134454058,0.385044813,0.226998835
-0.365584546,36,-0.410850093,-0.296836702,6,0,-0.196130746,2,2,0.254461996,0.385044813,-0.259712953
2.834466534,36,-0.87485034,3.028274269,1,0,5.96486035,3,3,-1.406006213,2.430899798,3.147269567
-0.632255469,36,0.338145229,-0.532186048,2,0,-0.196130746,2,5,0.079608695,-0.069589628,-0.357055311
-0.205581992,36,-0.644027882,-0.146462746,9,0,-0.497334755,2,2,0.999822054,0.385044813,0.713710624
-0.97892767,36,0.222734,-0.930091436,2,0,-0.360423842,6,1,0.154910482,-0.751541289,-0.357055311
-0.098913623,36,0.338145229,0.071361495,2,0,0.351512907,2,2,-0.388793943,-0.524224068,-1.038451815
-0.588921444,36,0.107322771,-0.500341649,2,0,-1.044978408,2,2,1.84856253,-0.751541289,-1.330478888
0.967770071,36,0.222734,1.257768407,8,0,0.351512907,2,2,-0.397728054,1.066996475,1.005737697
0.394427585,36,-0.644027882,0.493502822,2,0,1.583711126,2,1,-0.319873664,-0.069589628,0.03231412
-0.098913623,36,0.107322771,0.046569882,6,0,-0.278277294,2,2,-1.153298522,-0.978858509,-1.038451815
-0.365584546,36,-0.87485034,-0.337058957,7,0,-0.771156582,2,1,1.094268362,-0.524224068,-1.038451815
-0.365584546,36,-0.180027635,-0.276533226,10,0,0.214601993,2,2,0.777745598,-0.978858509,0.129656478
-1.452268559,36,-0.644027882,-1.476190828,3,0,-0.606863486,3,4,-2.141155858,-1.888127391,-1.817190677
-0.098913623,36,-0.180027635,0.016007807,3,0,-0.743774399,2,2,0.907928348,-0.524224068,-0.941109457
2.544461905,36,1.146023831,3.296793084,10,0,0.495981302,2,2,1.251253443,-0.751541289,-0.357055311
-0.498920008,60,-0.180027635,-0.842380419,5,0,-0.552099121,3,2,2.009376514,-0.069589628,-0.649082384
-0.918926712,36,0.686734247,-0.838191492,1,0,-0.141366381,3,2,-1.10735167,-0.978858509,-1.330478888
-1.31559971,36,-1.402444529,-1.349069695,9,0,-0.278277294,2,8,-0.110560223,-1.888127391,-1.525163604
-0.648922402,36,0.107322771,-0.567321748,3,0,-0.771156582,2,2,-0.234361466,0.612362034,0.03231412
-0.615588537,36,0.107322771,-0.530091584,3,0,1.036067473,2,2,-0.480687649,0.385044813,0.908395339
0.381094039,36,-0.410850093,0.510985183,6,0,-0.606863486,1,2,0.397407761,-0.296906848,-0.746424742
0.167757301,36,-0.644027882,0.251741851,2,0,0.48842382,2,2,1.058531921,1.748948136,0.129656478
2.301124687,36,0.107322771,2.72538915,3,0,0.351512907,3,2,-0.396451752,-0.978858509,-0.8437671
-0.865592527,36,-1.105672797,-0.875293423,6,0,-0.85330313,3,1,0.503340783,0.157727593,-0.746424742
-0.898926393,36,-0.644027882,-0.886022207,7,0,-0.634245669,2,2,-0.867406994,-0.069589628,-0.357055311
0.301092762,36,0.568967687,0.555225389,5,0,-0.113984198,3,2,-1.118838383,-0.296906848,-0.551740026
-1.032261854,36,-0.644027882,-1.028232028,2,0,0.132455446,2,2,-0.358162708,-0.524224068,-0.746424742
2.967801996,36,0.856318093,3.706111163,4,0,1.583711126,2,2,0.354013511,-1.20617573,-1.23313653
-0.098913623,36,-0.123499686,0.02199199,6,0,-0.387806025,2,2,0.162568291,-0.978858509,-1.330478888
0.967770071,36,-0.644027882,1.105043522,9,0,0.214601993,2,2,-1.384309088,-0.524224068,-1.038451815
-0.938927031,36,-0.87485034,-0.940050825,2,0,-0.935449678,2,2,1.115965487,0.157727593,0.421683551
-0.898926393,36,-0.410850093,-0.873797377,10,0,-0.990214043,2,8,-0.761473972,-0.069589628,-0.649082384
-0.098913623,36,-0.644027882,-0.032720535,10,0,-0.392187174,2,2,1.649459501,0.385044813,-0.065028238
-0.365584546,36,0.107322771,-0.251057706,8,0,-0.716392217,2,6,-0.586620671,-0.069589628,-0.259712953
0.967770071,60,1.906795809,0.668198205,2,0,0.680099099,3,2,1.608617854,1.294313695,1.881818917
-1.432268239,36,-0.644027882,-1.454861492,10,0,-0.880685312,2,1,1.288266185,-0.524224068,-1.038451815
0.301092762,36,0.856318093,0.594464528,10,0,-0.380741422,5,2,0.775192995,0.157727593,0.324341193
-1.288932618,36,-1.402444529,-1.321927153,1,0,-0.771156582,2,1,0.1702261,-0.296906848,0.03231412
-1.032261854,36,-0.410850093,-1.018058918,10,0,-0.96283186,2,8,-1.562991294,-0.751541289,-1.427821246
-0.365584546,36,-1.105672797,-0.356849503,6,0,-0.784847673,2,2,-0.355610105,-0.978858509,-0.259712953
0.301092762,36,0.686734247,0.571254449,4,0,0.214601993,2,2,0.417828584,-0.524224068,-1.135794173
-0.738923839,36,-0.180027635,-0.686107769,10,0,-0.743774399,2,2,-0.347952296,0.612362034,-0.259712953
0.731099626,36,-1.105672797,0.780187904,9,0,-0.264586203,3,10,1.018966576,-0.524224068,-0.941109457
-1.058928947,36,-0.123499686,-1.034771885,10,0,-0.798538765,1,2,0.850494782,1.294313695,2.660557778
-1.032261854,36,-1.105672797,-1.048065318,5,0,-0.497334755,3,2,0.31827707,-0.296906848,-1.038451815
0.851101542,36,0.568967687,1.186257427,9,0,-0.333041659,2,1,-1.347296346,-1.20617573,-1.23313653
-1.298932778,36,-1.637977649,-1.338041702,4,0,-0.661627851,2,6,-0.7857237,-0.296906848,-1.135794173
-0.898926393,36,-0.644027882,-0.886022207,2,0,-0.432986626,2,1,-1.953539543,-0.296906848,-0.8437671
-0.232249084,36,-1.939460042,-0.295639865,5,0,-0.634245669,2,2,0.887507524,-0.978858509,0.324341193
0.167757301,36,-0.410850093,0.280166718,4,0,-0.689010034,2,2,-0.244571877,-0.751541289,-1.23313653
-0.098913623,36,-0.123499686,0.02199199,10,0,-0.469952573,2,2,0.582471474,-1.20617573,-1.330478888
0.167757301,36,-2.078424583,0.082004791,10,0,0.570570368,2,2,-1.089483449,0.839679254,0.421683551
-0.465586142,36,-0.123499686,-0.381641116,3,0,-0.743774399,2,2,1.468224692,-0.296906848,-0.259712953
0.301092762,36,0.98821664,0.612545308,10,0,-0.059219833,2,2,-1.052470707,-0.069589628,-0.357055311
-0.588921444,36,-0.123499686,-0.517396569,10,0,-0.606863486,2,2,-1.214560993,-1.20617573,-1.427821246
-1.505602743,36,-1.402444529,-1.54248702,2,0,-1.044978408,3,5,-0.213940642,0.157727593,-0.357055311
-0.165581354,36,-0.644027882,-0.103804074,2,0,-0.798538765,1,2,-1.525978551,-1.660810171,-0.941109457
-0.218915538,36,0.686734247,-0.029471979,3,0,-0.798538765,2,3,0.850494782,-0.751541289,-0.941109457
1.434444186,60,-0.180027635,0.602671407,6,0,0.214601993,1,2,1.128728502,0.839679254,2.952584851
0.607764324,36,-0.410850093,0.756208431,9,0,-0.196130746,2,2,-0.363267914,0.385044813,-0.454397669
0.311092922,36,0.98821664,0.624342696,5,0,-0.634245669,1,2,2.082125698,0.612362034,-0.259712953
1.634447379,60,1.793739911,1.240713487,8,0,0.625334733,2,2,0.342526798,-0.069589628,0.324341193
0.967770071,60,1.984521738,0.684440985,10,0,0.680099099,2,2,-1.25540264,1.066996475,0.616368266
0.861101701,36,-0.644027882,0.991258568,5,0,0.625334733,6,2,-1.153298522,-0.978858509,-1.038451815
0.634431416,36,-1.402444529,0.635926364,1,0,0.07769108,2,2,-0.475582443,0.157727593,-0.551740026
-0.065579757,36,-2.078424583,-0.145650607,5,0,0.214601993,2,2,0.14470007,-0.296906848,-0.649082384
-0.102247009,36,-1.703926922,-0.144282794,1,0,0.07769108,2,1,1.705616765,-0.751541289,-0.649082384
-0.952260577,36,-0.123499686,-0.917353676,10,0,-0.168748564,2,2,-0.614699303,-0.978858509,-0.162370596
0.651098349,60,-0.180027635,0.0171619,1,0,-0.469952573,2,2,-1.847606521,-0.069589628,0.03231412
-0.365584546,36,-0.410850093,-0.296836702,4,0,-0.372745824,2,2,-0.725737531,-0.069589628,-1.135794173
-0.70892336,36,0.222734,-0.626650642,3,0,-0.551113362,3,2,-0.118218032,2.885534238,1.29776477
-0.932260258,36,-0.180027635,-0.898204293,1,0,-1.154507139,2,2,1.163188641,-0.296906848,-0.454397669
-0.898926393,36,-1.939460042,-0.951848214,10,0,0.28305745,2,6,-0.193519819,1.066996475,0.226998835
0.634431416,36,1.146023831,1.029942033,6,0,-0.420664644,2,2,-0.208835436,-0.296906848,0.616368266
2.301124687,60,1.906795809,1.871959246,7,0,1.857532952,2,2,-0.70786931,-0.978858509,-0.162370596
-1.032261854,36,0.107322771,-0.995190792,10,0,-1.017596226,6,2,0.111516232,-0.524224068,-1.23313653
-0.565587739,36,-0.410850093,-0.513207641,4,0,0.351512907,2,2,-1.702108154,0.157727593,-0.357055311
-1.032261854,36,-0.123499686,-1.005406646,5,0,-1.127124956,2,2,1.826865405,-0.069589628,-0.454397669
-1.128930064,36,0.568967687,-1.085338226,4,0,-0.743774399,2,2,1.816654993,-0.524224068,-0.941109457
-0.745590612,36,-0.87485034,-0.736716855,4,0,-0.100293107,2,1,-0.801039317,-0.524224068,1.492449486
0.434428224,36,1.447506225,0.837336847,4,0,-0.059219833,2,2,-0.822736442,-0.978858509,-0.551740026
-0.765590931,36,-0.180027635,-0.715387519,1,0,-0.676961874,2,2,1.147873024,1.976265357,0.03231412
-0.365584546,36,0.107322771,-0.251057706,2,0,-0.716392217,2,1,1.302305501,0.157727593,-0.746424742
-0.748923998,36,-0.644027882,-0.725988071,2,0,-1.017596226,2,2,-1.340914838,-0.751541289,-0.259712953
0.301092762,36,-0.180027635,0.454862101,5,0,-0.004455468,2,1,-0.421977781,0.385044813,0.421683551
0.007754747,36,-1.105672797,0.030241613,1,0,-0.30018304,2,2,0.37953954,-0.978858509,-0.065028238
0.701099147,60,0.107322771,0.103633336,4,0,0.181989814,2,8,0.727969841,0.612362034,2.855242494
-0.632255469,36,-2.078424583,-0.69854632,10,0,-0.36316206,2,2,0.391026253,-0.978858509,1.005737697
0.967770071,36,-0.644027882,1.105043522,7,0,-0.059219833,2,8,0.606721201,-0.296906848,-0.259712953
0.701099147,60,1.562917453,0.363432342,10,0,1.036067473,2,1,1.352081259,2.885534238,1.687134201
-0.738923839,36,-1.105672797,-0.743940618,5,0,-0.44257039,2,1,0.267225011,-0.069589628,0.421683551
1.234440994,60,1.146023831,0.737486488,10,0,1.036067473,6,2,-0.19479612,2.430899798,1.200422413
-0.098913623,36,-0.123499686,0.02199199,5,0,0.214601993,3,2,-0.789552604,-0.524224068,-0.551740026
-0.365584546,36,0.98821664,-0.171382591,1,0,-0.743774399,2,1,1.021519178,0.612362034,0.908395339
-0.632255469,36,-0.123499686,-0.565099052,10,0,-0.552099121,2,2,1.251253443,0.612362034,-0.162370596
0.834434609,60,1.562917453,0.480252132,4,0,-0.168748564,2,1,0.1702261,-0.524224068,-0.8437671
-0.365584546,36,-1.105672797,-0.356849503,10,0,0.132455446,2,2,-1.62042486,-0.751541289,-0.649082384
-1.432268239,36,-0.410850093,-1.450800796,2,0,-0.491858319,2,5,-1.717423771,-1.43349295,-1.622505961
0.591097391,36,0.107322771,0.816734161,6,0,0.296748541,2,2,0.645010245,0.612362034,0.324341193
-0.632255469,36,-1.637977649,-0.669309314,3,0,-0.812229856,3,8,0.573537363,-0.524224068,-1.23313653
-0.765590931,36,0.107322771,-0.69752046,10,0,-0.935449678,3,1,0.932178076,0.839679254,1.29776477
-0.632255469,36,-0.410850093,-0.585317039,8,0,-0.880685312,2,2,0.05791157,-0.978858509,-0.551740026
0.414427905,36,-1.637977649,0.380615494,2,0,-0.606863486,2,1,1.124899597,0.612362034,0.811052982
-0.498920008,36,-0.180027635,-0.422803742,10,0,-0.524716938,2,2,-0.203730231,0.385044813,-0.454397669
-0.578921285,36,0.568967687,-0.454348932,7,0,1.583711126,2,2,0.180436511,-0.069589628,0.03231412
-0.665589335,36,-0.87485034,-0.652596348,6,0,-1.017596226,2,0,0.245527886,-1.20617573,-1.525163604
1.134439398,60,1.793739911,0.793695059,10,0,-0.059219833,2,2,1.786023758,1.294313695,0.421683551
0.701099147,36,-1.637977649,0.66815546,1,0,0.214601993,3,1,0.14470007,1.294313695,3.43929664
-0.898926393,36,0.568967687,-0.821478525,5,0,0.105073263,3,2,-0.257334892,0.385044813,-0.454397669
-0.365584546,36,-0.644027882,-0.317140178,2,0,-0.606863486,2,2,-0.475582443,-0.751541289,-1.038451815
-1.338933416,36,-1.703926922,-1.379674514,1,0,-0.880685312,2,2,-1.616595955,-0.978858509,0.324341193
-0.098913623,36,0.856318093,0.127698298,1,0,-0.44257039,2,1,1.583091824,0.839679254,0.811052982
-0.865592527,36,-0.123499686,-0.821948711,2,0,-1.076522683,2,2,0.310619261,-0.069589628,0.03231412
0.167757301,36,-0.410850093,0.280166718,7,0,-0.305659477,2,1,-0.240742973,-0.296906848,-0.065028238
0.414427905,36,0.222734,0.635883619,1,0,-0.594815326,2,2,1.232108921,0.157727593,-0.162370596
-0.398918411,36,-0.410850093,-0.332870029,3,0,-0.880685312,2,1,2.111480632,-0.751541289,-1.427821246
2.967801996,36,1.678328682,3.972621002,1,0,0.762245646,2,2,0.508445988,1.066996475,1.589791843
-1.458935332,36,-0.644027882,-1.483329102,2,0,-0.552099121,2,1,0.234041173,0.385044813,0.03231412
1.274441632,36,-1.637977649,1.243278137,1,0,1.309889299,2,2,-0.041639944,1.294313695,1.005737697
-1.265598912,36,-0.644027882,-1.277088529,9,0,-1.215815846,3,2,1.39675181,-0.978858509,-1.23313653
0.477762249,36,-0.410850093,0.615537399,2,0,-0.469952573,2,1,1.528210861,0.612362034,1.492449486
-0.26558295,36,-0.410850093,-0.188651232,10,0,-0.85330313,2,2,-1.29879689,-1.20617573,-0.746424742
0.967770071,36,-0.123499686,1.196216816,6,0,1.857532952,3,1,-0.716803421,0.612362034,1.200422413
1.634447379,60,2.114064954,1.324321065,2,0,0.159837628,3,2,-0.446227509,-0.069589628,-0.162370596
-0.232249084,36,-0.180027635,-0.130262709,10,0,-0.798538765,2,1,1.472053597,0.385044813,0.519025909
-1.538936609,36,-0.87485034,-1.571040119,10,0,-0.798538765,2,2,0.237870077,-0.296906848,0.324341193
1.371109842,60,0.98821664,0.816434952,10,0,2.678998432,2,2,-0.807420825,-0.978858509,0.519025909
-1.432268239,36,-0.410850093,-1.450800796,10,0,-0.743774399,2,2,0.242975283,-0.751541289,-0.454397669
-1.165597316,36,-0.123499686,-1.152190093,5,0,-1.318800235,3,1,-0.5253582,-1.43349295,-1.038451815
1.134439398,36,-1.637977649,1.102820826,5,0,0.543188185,2,1,0.205962541,-0.296906848,-1.038451815
-0.51558694,36,0.338145229,-0.400149337,5,0,-0.987448443,2,2,-0.807420825,-0.751541289,-1.135794173
0.301092762,36,-0.180027635,0.454862101,10,0,0.07769108,2,2,-0.219045848,-0.296906848,0.519025909
-1.008928149,36,-0.87485034,-1.013656269,10,0,0.324130724,2,12,-0.704040406,-0.978858509,-1.135794173
0.221091485,36,0.107322771,0.403740085,3,0,-0.333041659,3,2,-0.45516162,0.157727593,0.129656478
0.567763686,36,0.686734247,0.879354356,4,0,2.815909345,2,2,-0.188414613,1.294313695,1.103080055
-0.498920008,36,-0.87485034,-0.477302546,10,0,-0.847826693,2,1,-1.005247552,-0.751541289,0.616368266
-0.365584546,36,-0.180027635,-0.276533226,9,0,-0.743774399,1,2,-0.841880964,-0.524224068,-1.23313653
1.634447379,60,1.678328682,1.210835319,5,0,0.214601993,2,2,1.798786772,0.612362034,0.616368266
-0.898926393,36,-0.644027882,-0.886022207,5,0,-0.196130746,2,2,-1.154574824,-0.978858509,-1.23313653
2.781132349,60,2.114064954,2.37822108,10,0,0.817010012,1,2,0.24042268,1.748948136,2.952584851
-0.115580555,36,0.917556704,0.114917794,10,0,-0.771156582,2,2,1.076400142,-0.978858509,-0.746424742
1.481111598,60,1.327384333,0.989463313,9,0,-0.242680457,2,2,-0.019942819,0.157727593,-0.259712953
-0.398918411,36,-2.078424583,-0.470890922,7,0,0.07769108,3,2,-1.889724469,-0.296906848,-0.162370596
0.301092762,36,0.338145229,0.524022152,2,0,-0.03183765,2,2,-0.226703657,0.385044813,-0.162370596
-0.95892735,36,-1.637977649,-0.996986047,10,0,-0.757383344,2,8,2.01448172,-0.296906848,-0.162370596
-0.51558694,36,-0.410850093,-0.459093534,2,0,-0.990214043,1,1,0.540353525,-0.296906848,-1.23313653
0.694432374,36,-0.410850093,0.849946374,4,0,-0.223512929,2,2,0.583747775,0.157727593,0.226998835
-1.225598274,36,0.338145229,-1.203654062,3,0,-0.798538765,1,2,1.496303324,1.294313695,0.519025909
-0.632255469,36,0.107322771,-0.548728038,9,0,-0.059219833,2,2,0.964085612,2.203582577,2.855242494
-0.632255469,36,0.107322771,-0.548728038,6,0,-0.896238392,2,1,1.982574184,1.521630916,2.660557778
-1.188931022,36,-1.105672797,-1.210535872,6,0,-0.469952573,2,2,-1.120114684,-0.296906848,-0.941109457
0.701099147,36,0.222734,0.958089099,9,0,-0.524716938,2,2,-0.617251906,-1.20617573,-0.357055311
-0.218915538,36,-0.644027882,-0.160696551,10,0,-0.743774399,1,1,0.453565025,-0.751541289,-0.454397669
-0.232249084,36,0.107322771,-0.10222254,1,0,-0.415188207,2,2,-0.996313442,0.385044813,-0.8437671
-0.888926233,36,0.856318093,-0.794122262,5,0,-1.017596226,2,2,-0.030153231,0.385044813,-0.454397669
2.781132349,36,0.338145229,3.330560971,1,0,1.556328943,2,1,0.913033554,1.066996475,1.29776477
-0.298916815,36,-1.402444529,-0.314190831,6,0,-0.880685312,2,8,1.104478774,0.157727593,0.421683551
-0.632255469,36,0.338145229,-0.532186048,10,0,-0.563051994,2,2,1.71837978,0.385044813,-0.065028238
-1.032261854,36,0.686734247,-0.969116854,10,0,0.07769108,2,11,-0.312215855,-0.069589628,0.713710624
0.301092762,36,1.146023831,0.63434483,10,0,-0.059219833,2,2,0.476538452,-0.751541289,0.226998835
-1.298932778,36,-1.105672797,-1.324577291,2,0,-0.059219833,2,2,0.341250496,-0.524224068,-0.357055311
1.234440994,36,-0.180027635,1.478755716,10,0,-0.360423842,2,2,1.409514825,-0.069589628,0.226998835
-0.962260737,36,0.686734247,-0.888244903,10,0,-0.552099121,2,1,0.26594871,-0.751541289,-0.162370596
-0.26558295,36,0.107322771,-0.139452704,6,0,-0.743774399,2,2,0.628418326,-0.069589628,0.616368266
-0.115580555,36,0.98821664,0.122611743,6,0,-0.743774399,3,2,-0.84698617,-1.20617573,-0.8437671
-0.848925595,36,-1.402444529,-0.874053842,1,0,-0.661627851,3,2,-2.097761609,0.385044813,2.855242494
-0.365584546,36,0.222734,-0.240756364,10,0,0.734863464,2,8,-0.989931935,-0.978858509,-0.162370596
2.034453764,60,0.568967687,1.25255362,2,0,0.433659455,2,2,1.275503171,1.976265357,1.395107128
0.501095955,36,-0.123499686,0.682474754,4,0,-0.141366381,2,2,0.130660754,1.066996475,0.908395339
-0.765590931,36,-0.410850093,-0.72957858,2,0,-0.606863486,2,2,-0.399004355,0.157727593,-0.357055311
-0.098913623,36,-0.410850093,-0.00831362,10,0,0.762245646,2,8,0.156186783,1.294313695,1.589791843
-1.038928627,36,0.338145229,-0.992412422,10,0,-0.880685312,2,1,1.800063074,0.839679254,-0.649082384
-0.952260577,36,-1.402444529,-0.97924722,5,0,-0.825920947,2,11,-0.271374208,0.157727593,-0.649082384
1.234440994,60,0.856318093,0.673754945,6,0,-0.333041659,2,1,2.083402,1.066996475,0.616368266
0.651098349,36,-0.644027882,0.767279168,5,0,-0.606863486,4,1,1.212964399,0.612362034,0.519025909
-0.632255469,36,-1.402444529,-0.653493975,3,0,-1.044978408,2,2,-0.871235898,-0.069589628,-0.357055311
-0.772257704,36,-0.644027882,-0.750907916,1,0,-0.469952573,3,1,-1.321770316,-0.751541289,-0.551740026
-0.528920487,36,0.338145229,-0.415238026,1,0,-0.966117722,2,2,0.42293379,-0.978858509,-1.525163604
-1.332266643,36,-0.180027635,-1.337058586,3,0,-1.072360591,1,2,2.129348852,-0.978858509,-0.357055311
-1.432268239,36,-0.644027882,-1.454861492,10,0,0.324130724,2,6,-0.544502722,-0.524224068,-0.649082384
0.967770071,36,-0.123499686,1.196216816,8,0,0.084810448,2,1,0.537800922,0.385044813,-0.454397669
0.007754747,36,-1.703926922,-0.034387558,6,0,1.446800213,2,10,-1.640845683,-0.978858509,-0.8437671
-1.062262333,36,-0.87485034,-1.069736608,1,0,-0.606863486,2,2,0.133213357,0.385044813,-0.746424742
2.301124687,60,1.793739911,1.836695314,10,0,0.48842382,2,2,0.357842415,0.612362034,1.200422413
0.27442567,36,-0.410850093,0.39557595,7,0,-0.059219833,2,1,1.123623296,-0.069589628,0.519025909
-0.418918731,36,0.568967687,-0.270805508,2,0,0.48842382,2,2,1.341870847,0.612362034,1.589791843
0.967770071,36,-1.105672797,1.025582129,10,0,-0.387806025,2,1,-0.312215855,0.385044813,-0.162370596
-1.032261854,36,-1.637977649,-1.070548747,4,0,-0.606863486,2,10,1.856220338,-0.751541289,-0.357055311
1.634447379,36,-0.123499686,1.930091304,7,0,0.765668419,2,2,-0.039087341,-0.751541289,0.226998835
1.741115748,36,-0.410850093,1.982324668,4,0,-0.113984198,2,1,0.225107063,-0.751541289,-1.038451815
0.204424553,36,-1.637977649,0.169929528,2,0,0.07769108,2,1,1.583091824,1.066996475,0.811052982
-0.888926233,36,0.107322771,-0.8351994,5,0,-0.743774399,2,2,-0.211388039,0.839679254,-0.357055311
0.967770071,60,-0.123499686,0.264522355,2,0,-0.141366381,0,2,1.479711405,0.839679254,0.421683551
-0.765590931,36,0.856318093,-0.650202675,5,0,-0.990214043,6,2,-0.554713134,-1.43349295,-1.427821246
-0.588921444,36,-0.410850093,-0.538426696,2,0,-0.743774399,2,2,-0.859749185,2.430899798,1.103080055
0.967770071,36,-0.180027635,1.186214683,2,0,2.213501327,2,2,-1.245192228,0.612362034,-0.162370596
0.834434609,60,1.678328682,0.502821048,8,0,-0.278277294,2,2,2.060428573,0.612362034,0.03231412
-1.165597316,36,0.107322771,-1.144025958,4,0,0.241984176,2,1,1.662222515,2.430899798,0.519025909
-0.765590931,36,-1.402444529,-0.789206684,1,0,0.214601993,2,2,1.158083435,0.157727593,0.421683551
1.634447379,36,-0.123499686,1.930091304,10,0,1.720622039,2,1,2.064257478,1.976265357,2.076503632
1.234440994,36,-0.644027882,1.389463165,5,0,-0.333041659,1,2,1.847286228,0.157727593,0.324341193
-0.365584546,36,-0.180027635,-0.276533226,3,0,-0.141366381,3,0,-0.77678959,-0.296906848,-0.8437671
-0.398918411,36,0.686734247,-0.237422319,6,0,-0.838297694,2,2,2.015758022,0.157727593,0.129656478
-0.632255469,36,0.222734,-0.540478415,6,0,-0.825920947,2,2,1.329107832,-0.978858509,-0.8437671
-0.242249244,36,-0.123499686,-0.135776706,6,0,-0.004455468,2,2,1.20530659,2.203582577,2.952584851
-0.725590293,36,0.107322771,-0.652895557,10,0,0.132455446,2,2,-0.861025486,-1.20617573,0.129656478
-1.41226792,36,-1.637977649,-1.451741168,10,0,0.433659455,2,2,0.900270539,0.157727593,0.616368266
0.747766559,36,-0.410850093,0.90765099,2,0,-0.168748564,2,2,2.204650639,0.612362034,0.324341193
-0.418918731,36,0.568967687,-0.270805508,1,0,-0.552099121,3,2,0.408894474,-0.296906848,-0.649082384
-0.832258662,36,0.856318093,-0.727997046,2,0,0.214601993,2,2,-0.339018186,-0.978858509,-1.038451815
-0.098913623,36,-0.644027882,-0.032720535,4,0,-0.655494242,2,2,0.50972229,0.157727593,0.616368266
1.634447379,60,1.447506225,1.151634657,3,0,0.48842382,2,2,0.525037908,0.612362034,1.005737697
0.207757939,36,-2.078424583,0.121030209,4,0,-0.716392217,2,8,-0.41176737,1.294313695,0.421683551
-0.118913942,36,-0.123499686,-2.13E-05,10,0,-0.401497116,3,2,-0.834223156,-0.524224068,0.03231412
2.967801996,36,0.686734247,3.651997056,10,0,1.309889299,2,2,-0.654264649,1.066996475,0.421683551
-0.765590931,36,0.856318093,-0.650202675,2,0,-0.825920947,2,2,-0.667027663,-0.296906848,-0.649082384
-0.432252277,36,0.917556704,-0.25593054,2,0,-0.756698789,2,2,2.121691044,0.839679254,2.465873063
-0.898926393,36,-0.87485034,-0.897947828,2,0,-0.089340234,2,2,-1.183929758,0.385044813,-0.065028238
0.307759535,36,-0.410850093,0.431652022,2,0,-0.552099121,2,2,0.821139848,0.157727593,-0.551740026
0.63109803,36,0.107322771,0.861401809,10,0,-0.469952573,2,1,0.868363002,2.203582577,2.271188347
0.301092762,36,0.222734,0.508506022,1,0,0.132455446,2,1,-0.687448487,-0.751541289,-0.649082384
-1.032261854,36,0.686734247,-0.969116854,2,0,0.351512907,2,2,-0.086310495,1.066996475,-0.162370596
0.701099147,60,1.984521738,0.442038853,10,0,-0.145227269,6,1,1.648183199,-0.296906848,-1.038451815
-0.365584546,36,0.917556704,-0.177879704,10,0,-0.798538765,2,2,0.354013511,-1.20617573,-0.162370596
-0.498920008,36,0.686734247,-0.352959784,5,0,-0.196130746,2,2,-0.447503811,0.839679254,0.03231412
-0.165581354,36,-1.105672797,-0.149497581,9,0,-0.743774399,3,2,-0.921011655,-0.296906848,-0.357055311
1.524445623,36,-0.123499686,1.808997098,10,0,0.769091192,2,2,0.868363002,1.521630916,1.103080055
-0.098913623,36,0.686734247,0.109147332,2,0,1.090831838,2,2,-0.623633413,-0.069589628,0.03231412
-1.165597316,36,-0.410850093,-1.162320459,10,0,-0.44257039,1,2,0.641181341,-0.751541289,-0.941109457
-1.098929585,36,-1.637977649,-1.137443358,4,0,-0.880685312,3,1,1.017690274,-0.069589628,-0.551740026
-0.632255469,36,0.568967687,-0.51555857,10,0,-0.415188207,2,2,-0.184585709,-0.524224068,-0.649082384
-1.165597316,36,-1.939460042,-1.214340102,3,0,-0.278277294,2,2,-0.513871487,0.385044813,0.129656478
-0.632255469,36,-0.644027882,-0.60155982,3,0,-0.469952573,2,8,0.946217392,2.430899798,1.29776477
-1.298932778,36,1.447506225,-1.256186635,2,0,-1.346182417,3,1,0.546735032,-0.978858509,-1.525163604
-0.075579917,36,-0.180027635,0.041611559,8,0,-0.743774399,2,2,2.221242558,0.385044813,-0.551740026
0.967770071,60,0.98821664,0.480679573,2,0,0.48842382,2,2,0.573537363,0.157727593,-0.8437671
-0.898926393,36,-0.410850093,-0.873797377,3,0,-0.511025847,2,12,0.638628738,1.976265357,1.103080055
-1.432268239,36,-1.105672797,-1.462811905,2,0,-0.743774399,2,7,1.945561441,1.066996475,-0.065028238
-1.465602105,36,0.856318093,-1.467043577,5,0,-0.880685312,1,2,0.032385541,-1.43349295,-1.427821246
-1.098929585,36,-0.644027882,-1.099315567,8,0,-0.85330313,2,2,1.072571237,0.385044813,-0.746424742
-0.098913623,36,0.338145229,0.071361495,8,0,-0.333041659,2,2,-0.314768458,1.748948136,1.395107128
-0.192248446,36,-0.410850093,-0.109275327,4,0,-0.415188207,2,2,0.226383364,-0.524224068,-0.941109457
1.901118302,36,0.686734247,2.41972566,10,0,2.290500024,2,2,-0.545779024,-0.296906848,2.563215421
-0.098913623,36,0.856318093,0.127698298,8,0,1.063449656,3,1,-0.538121215,-0.751541289,-0.649082384
-0.365584546,36,-0.123499686,-0.271532159,3,0,0.76881737,2,1,-1.519597044,-0.296906848,-0.941109457
-1.032261854,36,0.338145229,-0.984846705,1,0,-0.620554577,1,2,1.636696486,0.157727593,0.129656478
-0.205581992,60,0.917556704,-0.504017647,6,0,-0.524716938,2,2,0.950046296,-0.296906848,-0.941109457
-1.165597316,36,-0.410850093,-1.162320459,4,0,0.07769108,2,2,-0.242019275,0.157727593,-0.259712953
-0.845592208,36,-1.105672797,-0.854519761,7,0,0.214601993,2,1,-0.817631236,-0.296906848,-0.454397669
1.634447379,60,1.793739911,1.240713487,4,0,1.994443866,2,2,0.319553371,3.112851459,2.076503632
0.651098349,36,0.107322771,0.883714261,4,0,0.433659455,2,2,1.815378691,-0.296906848,-0.746424742
0.701099147,36,0.222734,0.958089099,1,0,1.036067473,2,8,0.267225011,-0.751541289,-0.649082384
0.301092762,36,0.917556704,0.602842383,10,0,-0.381672416,3,2,-1.35112525,0.157727593,0.129656478
-1.298932778,36,0.856318093,-1.272557648,2,0,-0.976522952,2,3,-0.979721523,-0.296906848,-1.23313653
-0.218915538,36,0.856318093,-0.012331571,2,0,1.036067473,2,8,-1.037155089,-1.20617573,-1.038451815
0.434428224,60,1.678328682,0.148813913,3,0,-0.606863486,2,1,0.328487482,-1.43349295,-0.941109457
-0.098913623,36,0.107322771,0.046569882,10,0,1.227742751,2,2,0.45739393,-0.296906848,1.784476559
-0.852258981,36,-0.644027882,-0.83622526,6,0,-0.716392217,3,2,1.19637248,-0.751541289,-0.259712953
-0.565587739,36,-0.180027635,-0.495939,6,0,-0.880685312,2,2,0.098753217,-0.524224068,-0.357055311
1.101105532,60,1.146023831,0.62489837,8,0,-0.223512929,2,10,0.983230134,0.839679254,2.17384599
-1.048928787,36,0.98821664,-0.97493006,5,0,-0.196130746,3,2,-1.060128515,-1.43349295,-0.551740026
0.034421839,36,-0.123499686,0.168775436,10,0,1.036067473,6,1,-0.485792855,-0.069589628,0.129656478
-0.165581354,36,-0.87485034,-0.126757688,2,0,-0.641091214,2,2,2.255702698,-0.296906848,0.226998835
-0.418918731,36,0.107322771,-0.310600321,1,0,-0.606863486,2,10,-1.312836206,-1.43349295,-0.259712953
0.167757301,36,-0.644027882,0.251741851,3,0,-0.330303441,2,2,0.661602165,-0.069589628,0.03231412
-0.232249084,36,0.686734247,-0.044902621,2,0,-0.333041659,2,2,-0.896761927,-0.069589628,0.226998835
0.967770071,36,-0.180027635,1.186214683,10,0,0.89915656,2,2,0.607997503,0.612362034,-0.259712953
-0.632255469,36,-0.644027882,-0.60155982,2,0,-0.469952573,2,2,-0.340294488,0.612362034,0.421683551
-0.498920008,36,-0.123499686,-0.418315605,3,0,-0.059219833,3,2,-1.54257047,0.157727593,0.324341193
-0.632255469,36,-0.123499686,-0.565099052,8,0,-0.522143013,1,1,-0.030153231,0.612362034,0.713710624
2.301124687,36,0.917556704,2.945008645,3,0,2.405176605,2,2,0.851771083,1.294313695,1.200422413
1.767782841,60,0.917556704,1.12833909,10,0,0.762245646,2,2,-0.89038042,-0.069589628,0.811052982
1.341109363,60,0.222734,0.620324745,8,0,0.07769108,2,2,0.88367862,1.066996475,2.076503632
0.734433013,60,-0.644027882,0.000662654,1,0,0.07769108,2,2,-0.216493245,-0.978858509,-1.038451815
-0.098913623,36,-0.123499686,0.02199199,2,0,-0.606863486,2,1,1.667327721,0.612362034,-0.551740026
-0.398918411,36,-0.123499686,-0.308249393,3,0,0.07769108,2,2,-0.09907351,-0.296906848,-0.941109457
-0.738923839,36,-0.87485034,-0.729706813,6,0,-0.880685312,3,5,-0.88144631,0.385044813,-0.357055311
-0.982261056,36,0.338145229,-0.928296181,2,0,-1.072360591,2,1,0.877297113,0.157727593,-0.649082384
-0.898926393,36,0.107322771,-0.846355626,6,0,-0.661627851,2,1,-0.0901394,1.066996475,-0.454397669
2.034453764,36,1.562917453,2.799934965,7,0,4.321929391,1,1,-2.019907219,-0.296906848,0.616368266
-0.365584546,36,0.686734247,-0.198909831,10,0,0.981303108,2,2,-1.181377155,-0.978858509,-0.649082384
0.301092762,36,0.568967687,0.555225389,10,0,1.255124934,2,4,-1.637016779,-0.069589628,0.03231412
-0.832258662,36,0.107322771,-0.771938043,10,0,-0.250895112,2,1,1.561394699,0.385044813,1.589791843
0.087756024,36,0.107322771,0.254947663,2,0,-0.637750588,2,1,-0.102902415,2.203582577,1.687134201
-0.232249084,36,-0.644027882,-0.174930357,2,0,0.07769108,2,2,0.795613819,-0.524224068,-0.551740026
-1.378934055,36,-0.123499686,-1.387026509,7,0,-1.017596226,2,2,1.10958398,-0.978858509,-0.941109457
-0.51558694,36,0.568967687,-0.38168386,5,0,-0.606863486,2,2,-0.766579178,-1.43349295,-0.941109457
-0.498920008,36,1.146023831,-0.315131202,2,0,-0.661627851,1,2,-0.2637164,0.612362034,-0.162370596
0.434428224,36,0.338145229,0.674909038,2,0,0.351512907,3,2,0.115345136,-0.978858509,-0.551740026
0.701099147,60,1.146023831,0.287134016,7,0,-0.004455468,2,2,1.436317155,0.385044813,0.03231412
-0.098913623,36,-1.939460042,-0.164415293,3,0,-0.250895112,2,2,-0.62108081,0.385044813,0.713710624
-0.165581354,36,0.856318093,0.049903926,10,0,-0.771156582,2,2,0.15363418,0.157727593,-0.065028238
-0.282249883,36,-0.123499686,-0.179803191,3,0,-0.85330313,3,1,0.346355702,0.839679254,0.713710624
0.141090208,36,-0.644027882,0.22327424,1,0,-0.305659477,2,2,-0.014837613,-0.524224068,1.005737697
0.967770071,60,1.906795809,0.668198205,5,0,-0.03183765,6,2,-0.202453929,1.748948136,-0.065028238
0.567763686,60,0.177982707,0.012759251,7,0,-0.278277294,2,2,-0.896761927,-0.069589628,-0.259712953
-1.298932778,36,-0.410850093,-1.306539256,6,0,0.48842382,2,11,0.105134725,0.385044813,-0.162370596
1.234440994,36,-0.410850093,1.434173556,1,0,0.285330171,2,2,-0.880170008,-0.069589628,-0.454397669
0.967770071,60,-0.123499686,0.264522355,10,0,0.351512907,3,2,-1.266889353,0.612362034,0.03231412
0.887768794,36,-0.180027635,1.098460922,10,0,-0.196130746,2,2,0.221278158,-0.069589628,1.103080055
-0.15891458,36,-0.410850093,-0.073241999,3,0,-0.333041659,2,2,0.38847365,0.385044813,-0.065028238
